"LISTING_ID","HOST_ID","PROPERTY_TYPE","ROOM_TYPE","CITY","COUNTRY","ACCOMMODATES","BEDROOMS","BATHROOMS","PRICE_PER_NIGHT","BEDROOM_DENSITY","PRICE_PER_PERSON","PRICE_PER_NIGHT_TAG","LISTING_CREATED_AT","ETL_LOADED_AT","DBT_SCD_ID","DBT_UPDATED_AT","DBT_VALID_FROM","DBT_VALID_TO"
500001,10098,"APARTMENT","Entire home/apt","toulouse","france",3,2,2,85,0.67,28.33,"MID_RANGE","2020-02-22 14:47:54.000","2026-08-06T10:58:24","dd49b9ee399c5ac130c0d2c7030d2fc0","2020-02-22 14:47:54.000","2020-02-22 14:47:54.000","9999-12-31 00:00:00.000"
500002,10053,"HOUSE","Private room","lyon","france",9,4,3,90,0.44,10.00,"MID_RANGE","2024-04-12 05:46:47.000","2026-08-06T10:58:24","c28f71f5dbaeb4fe564da112b2b7454f","2024-04-12 05:46:47.000","2024-04-12 05:46:47.000","9999-12-31 00:00:00.000"
500003,10012,"APARTMENT","Hotel room","lyon","france",5,2,1,109,0.40,21.80,"MID_RANGE","2021-07-25 08:51:26.000","2026-08-06T10:58:24","d76eefb98f0b34d40275a5da35ef23c1","2021-07-25 08:51:26.000","2021-07-25 08:51:26.000","9999-12-31 00:00:00.000"
500004,10025,"HOUSE","Entire home/apt","marseille","france",10,5,2,163,0.50,16.30,"MID_RANGE","2023-06-16 08:50:47.000","2026-08-06T10:58:24","77516455a06f64151f6d628c8394c267","2023-06-16 08:50:47.000","2023-06-16 08:50:47.000","9999-12-31 00:00:00.000"
500005,10090,"APARTMENT","Entire home/apt","marseille","france",3,1,1,80,0.33,26.67,"MID_RANGE","2018-10-21 14:09:08.000","2026-08-06T10:58:24","2e80e3c946752ede38853b0849d5dffd","2018-10-21 14:09:08.000","2018-10-21 14:09:08.000","9999-12-31 00:00:00.000"
500006,10029,"VILLA","Entire home/apt","montpellier","france",6,2,1,123,0.33,20.50,"MID_RANGE","2023-04-11 23:51:12.000","2026-08-06T10:58:24","02ebed6c5c26bcaa0bbc3fb0311eb785","2023-04-11 23:51:12.000","2023-04-11 23:51:12.000","9999-12-31 00:00:00.000"
500007,10035,"APARTMENT","Entire home/apt","lyon","france",5,2,1,116,0.40,23.20,"MID_RANGE","2022-06-10 10:54:00.000","2026-08-06T10:58:24","f6bacc3ecb7054502d08db08b04dc286","2022-06-10 10:54:00.000","2022-06-10 10:54:00.000","9999-12-31 00:00:00.000"
500008,10018,"APARTMENT","Private room","lille","france",4,2,2,53,0.50,13.25,"BUDGET","2021-12-03 17:24:58.000","2026-08-06T10:58:24","b1e94e48c30ffc9477ed6cd341c840ff","2021-12-03 17:24:58.000","2021-12-03 17:24:58.000","9999-12-31 00:00:00.000"
500009,10076,"HOUSE","Private room","bordeaux","france",12,5,3,122,0.42,10.17,"MID_RANGE","2019-12-27 12:14:31.000","2026-08-06T10:58:24","8bad85db3fc5372de685aaa7959550ba","2019-12-27 12:14:31.000","2019-12-27 12:14:31.000","9999-12-31 00:00:00.000"
500010,10042,"CONDOMINIUM","Entire home/apt","lille","france",3,2,2,61,0.67,20.33,"BUDGET","2025-06-02 14:43:07.000","2026-08-06T10:58:24","461ed70f306549210a07c1b34fdf15f6","2025-06-02 14:43:07.000","2025-06-02 14:43:07.000","9999-12-31 00:00:00.000"
500011,10049,"HOUSE","Private room","lyon","france",7,3,2,71,0.43,10.14,"BUDGET","2020-03-15 18:57:12.000","2026-08-06T10:58:24","be75406b262dab5f69733b8a59aa444a","2020-03-15 18:57:12.000","2020-03-15 18:57:12.000","9999-12-31 00:00:00.000"
500012,10057,"VILLA","Entire home/apt","paris","france",7,3,2,184,0.43,26.29,"MID_RANGE","2022-05-01 18:27:31.000","2026-08-06T10:58:24","8a8f6122e2427e61f4e4a7ce5e2c4720","2022-05-01 18:27:31.000","2022-05-01 18:27:31.000","9999-12-31 00:00:00.000"
500013,10089,"APARTMENT","Entire home/apt","lyon","france",7,3,3,176,0.43,25.14,"MID_RANGE","2019-01-17 04:00:04.000","2026-08-06T10:58:24","0b5cdce91cbccfd793f0a8e735cace77","2019-01-17 04:00:04.000","2019-01-17 04:00:04.000","9999-12-31 00:00:00.000"
500014,10063,"APARTMENT","Entire home/apt","lille","france",7,3,3,142,0.43,20.29,"MID_RANGE","2024-07-16 11:42:23.000","2026-08-06T10:58:24","942475f22cdf154a11831738d6048d03","2024-07-16 11:42:23.000","2024-07-16 11:42:23.000","9999-12-31 00:00:00.000"
500015,10098,"STUDIO","Entire home/apt","nice","france",2,0,1,82,0.00,41.00,"MID_RANGE","2019-07-14 21:39:55.000","2026-08-06T10:58:24","d93b05c8ccc4e9d96a5059d0911694ca","2019-07-14 21:39:55.000","2019-07-14 21:39:55.000","9999-12-31 00:00:00.000"
500016,10056,"APARTMENT","Entire home/apt","paris","france",1,1,1,97,1.00,97.00,"MID_RANGE","2023-10-08 12:14:05.000","2026-08-06T10:58:24","31702853b01def5c5d658ea0a709097c","2023-10-08 12:14:05.000","2023-10-08 12:14:05.000","9999-12-31 00:00:00.000"
500017,10064,"APARTMENT","Entire home/apt","strasbourg","france",4,2,2,106,0.50,26.50,"MID_RANGE","2024-09-23 22:27:43.000","2026-08-06T10:58:24","a085470f7888154f4bf51f2263895c8c","2024-09-23 22:27:43.000","2024-09-23 22:27:43.000","9999-12-31 00:00:00.000"
500018,10021,"CONDOMINIUM","Hotel room","paris","france",5,2,2,162,0.40,32.40,"MID_RANGE","2020-01-09 09:49:59.000","2026-08-06T10:58:24","ac0dc344c910f2d207778f251f39b368","2020-01-09 09:49:59.000","2020-01-09 09:49:59.000","9999-12-31 00:00:00.000"
500019,10062,"APARTMENT","Entire home/apt","paris","france",5,2,2,145,0.40,29.00,"MID_RANGE","2025-02-02 20:10:40.000","2026-08-06T10:58:24","a6536d20c643707096aad95ee5c5e557","2025-02-02 20:10:40.000","2025-02-02 20:10:40.000","9999-12-31 00:00:00.000"
500020,10073,"LOFT","Hotel room","lille","france",7,3,3,115,0.43,16.43,"MID_RANGE","2020-08-24 23:20:58.000","2026-08-06T10:58:24","6c8994306285c6004ecca85d21eb5f0c","2020-08-24 23:20:58.000","2020-08-24 23:20:58.000","9999-12-31 00:00:00.000"
500021,10046,"APARTMENT","Entire home/apt","paris","france",7,3,2,230,0.43,32.86,"LUXURY","2021-11-26 21:56:49.000","2026-08-06T10:58:24","5bcb3a0a3a1004fee00ba71e39f5dbab","2021-11-26 21:56:49.000","2021-11-26 21:56:49.000","9999-12-31 00:00:00.000"
500022,10057,"APARTMENT","Entire home/apt","paris","france",4,2,2,138,0.50,34.50,"MID_RANGE","2021-06-03 04:02:15.000","2026-08-06T10:58:24","c6077242134d22466eb0080bc8c4eaf4","2021-06-03 04:02:15.000","2021-06-03 04:02:15.000","9999-12-31 00:00:00.000"
500023,10068,"APARTMENT","Entire home/apt","marseille","france",4,2,2,112,0.50,28.00,"MID_RANGE","2023-01-31 14:55:58.000","2026-08-06T10:58:24","1a83c32815f6ff60960169669b637d6a","2023-01-31 14:55:58.000","2023-01-31 14:55:58.000","9999-12-31 00:00:00.000"
500024,10029,"LOFT","Hotel room","lille","france",6,3,2,102,0.50,17.00,"MID_RANGE","2022-04-17 22:52:34.000","2026-08-06T10:58:24","6b0c33595bce4a0384a9ef82cf62b734","2022-04-17 22:52:34.000","2022-04-17 22:52:34.000","9999-12-31 00:00:00.000"
500025,10059,"LOFT","Entire home/apt","lyon","france",5,2,2,103,0.40,20.60,"MID_RANGE","2023-01-07 03:16:48.000","2026-08-06T10:58:24","65869a10b73ab41ca81d303865b23221","2023-01-07 03:16:48.000","2023-01-07 03:16:48.000","9999-12-31 00:00:00.000"
500026,10072,"HOUSE","Entire home/apt","lyon","france",12,5,3,233,0.42,19.42,"LUXURY","2022-02-26 00:04:50.000","2026-08-06T10:58:24","908f3158e58b56d6b1db4778ad740f46","2022-02-26 00:04:50.000","2022-02-26 00:04:50.000","9999-12-31 00:00:00.000"
500027,10039,"APARTMENT","Entire home/apt","montpellier","france",5,3,3,108,0.60,21.60,"MID_RANGE","2022-01-21 09:58:17.000","2026-08-06T10:58:24","2cb08175236b3d774b13cc9fed349bf1","2022-01-21 09:58:17.000","2022-01-21 09:58:17.000","9999-12-31 00:00:00.000"
500028,10054,"LOFT","Private room","bordeaux","france",5,3,3,74,0.60,14.80,"BUDGET","2020-08-08 01:41:34.000","2026-08-06T10:58:24","e2e036f846833382ca5c0b431e212c4d","2020-08-08 01:41:34.000","2020-08-08 01:41:34.000","9999-12-31 00:00:00.000"
500029,10028,"CONDOMINIUM","Private room","marseille","france",3,1,1,49,0.33,16.33,"BUDGET","2021-08-06 17:58:50.000","2026-08-06T10:58:24","bfa0fea06853f5e5658dc909ed2c119a","2021-08-06 17:58:50.000","2021-08-06 17:58:50.000","9999-12-31 00:00:00.000"
500030,10036,"APARTMENT","Private room","paris","france",3,2,1,79,0.67,26.33,"MID_RANGE","2024-08-02 03:00:05.000","2026-08-06T10:58:24","d424055711bec3c57a4b54e7e4d2ba19","2024-08-02 03:00:05.000","2024-08-02 03:00:05.000","9999-12-31 00:00:00.000"
500031,10043,"APARTMENT","Entire home/apt","paris","france",3,1,1,141,0.33,47.00,"MID_RANGE","2022-06-21 20:13:06.000","2026-08-06T10:58:24","1328567c7bdd1bcafb93cf28ec8e056e","2022-06-21 20:13:06.000","2022-06-21 20:13:06.000","9999-12-31 00:00:00.000"
500032,10077,"STUDIO","Entire home/apt","paris","france",1,0,1,129,0.00,129.00,"MID_RANGE","2025-08-25 11:47:32.000","2026-08-06T10:58:24","88027623ec1c12f3d825a8b4105a8061","2025-08-25 11:47:32.000","2025-08-25 11:47:32.000","9999-12-31 00:00:00.000"
500033,10017,"STUDIO","Entire home/apt","paris","france",2,0,1,101,0.00,50.50,"MID_RANGE","2022-04-26 15:18:27.000","2026-08-06T10:58:24","b82cf1579657e7404e54a0bf8b5fb67a","2022-04-26 15:18:27.000","2022-04-26 15:18:27.000","9999-12-31 00:00:00.000"
500034,10068,"APARTMENT","Entire home/apt","paris","france",5,2,1,175,0.40,35.00,"MID_RANGE","2022-09-28 07:48:56.000","2026-08-06T10:58:24","2bdc0675858f0a479fa9560185b63d81","2022-09-28 07:48:56.000","2022-09-28 07:48:56.000","9999-12-31 00:00:00.000"
500035,10085,"APARTMENT","Shared room","marseille","france",2,1,1,25,0.50,12.50,"BUDGET","2026-01-16 14:58:18.000","2026-08-06T10:58:24","776719933230de4b4791ae8fa13acd75","2026-01-16 14:58:18.000","2026-01-16 14:58:18.000","9999-12-31 00:00:00.000"
500036,10057,"APARTMENT","Entire home/apt","paris","france",1,1,1,121,1.00,121.00,"MID_RANGE","2022-01-21 03:51:12.000","2026-08-06T10:58:24","8f09943a068ca947576ab3f471d905e7","2022-01-21 03:51:12.000","2022-01-21 03:51:12.000","9999-12-31 00:00:00.000"
500037,10049,"APARTMENT","Entire home/apt","montpellier","france",6,3,2,137,0.50,22.83,"MID_RANGE","2019-07-16 04:44:02.000","2026-08-06T10:58:24","5bb38070ff3ba46f7f49d8118777f063","2019-07-16 04:44:02.000","2019-07-16 04:44:02.000","9999-12-31 00:00:00.000"
500038,10099,"STUDIO","Entire home/apt","bordeaux","france",1,0,1,79,0.00,79.00,"MID_RANGE","2023-08-17 02:14:06.000","2026-08-06T10:58:24","ce24d0f99d03144b8bb75ea0aa0d48a1","2023-08-17 02:14:06.000","2023-08-17 02:14:06.000","9999-12-31 00:00:00.000"
500039,10013,"APARTMENT","Entire home/apt","lyon","france",3,1,1,78,0.33,26.00,"MID_RANGE","2023-11-21 08:17:49.000","2026-08-06T10:58:24","37a16f0ce2b73d3428e9e005104dd11c","2023-11-21 08:17:49.000","2023-11-21 08:17:49.000","9999-12-31 00:00:00.000"
500040,10096,"STUDIO","Entire home/apt","toulouse","france",2,0,1,66,0.00,33.00,"BUDGET","2025-12-27 21:37:07.000","2026-08-06T10:58:24","1835a12eac957969640e44f4824758b1","2025-12-27 21:37:07.000","2025-12-27 21:37:07.000","9999-12-31 00:00:00.000"
500041,10093,"APARTMENT","Entire home/apt","paris","france",3,1,1,118,0.33,39.33,"MID_RANGE","2025-07-15 04:59:16.000","2026-08-06T10:58:24","e0e95683507a611a08237618603435e6","2025-07-15 04:59:16.000","2025-07-15 04:59:16.000","9999-12-31 00:00:00.000"
500042,10045,"APARTMENT","Private room","lille","france",5,3,3,60,0.60,12.00,"BUDGET","2020-11-29 19:39:04.000","2026-08-06T10:58:24","5d999fc4aee5289907daedb0590e8f5e","2020-11-29 19:39:04.000","2020-11-29 19:39:04.000","9999-12-31 00:00:00.000"
500043,10083,"HOUSE","Entire home/apt","bordeaux","france",8,4,2,160,0.50,20.00,"MID_RANGE","2026-08-05 23:59:59.000","2026-08-06T10:58:24","f4cd57988d6d6c501fd3c39d04160a2e","2026-08-05 23:59:59.000","2026-08-05 23:59:59.000","9999-12-31 00:00:00.000"
500044,10045,"STUDIO","Entire home/apt","paris","france",2,0,1,100,0.00,50.00,"MID_RANGE","2020-09-22 00:05:08.000","2026-08-06T10:58:24","e0ef5a159c148a60e3f19186dd8f7812","2020-09-22 00:05:08.000","2020-09-22 00:05:08.000","9999-12-31 00:00:00.000"
500045,10068,"APARTMENT","Entire home/apt","paris","france",4,2,2,174,0.50,43.50,"MID_RANGE","2023-03-24 07:52:06.000","2026-08-06T10:58:24","778fe099c94ee4c3ef52bf49fafa4896","2023-03-24 07:52:06.000","2023-03-24 07:52:06.000","9999-12-31 00:00:00.000"
500046,10007,"LOFT","Entire home/apt","paris","france",2,1,1,123,0.50,61.50,"MID_RANGE","2026-02-07 03:23:32.000","2026-08-06T10:58:24","5e20b0884fbaf89c8abba6d843a58224","2026-02-07 03:23:32.000","2026-02-07 03:23:32.000","9999-12-31 00:00:00.000"
500047,10035,"APARTMENT","Entire home/apt","paris","france",2,1,1,117,0.50,58.50,"MID_RANGE","2022-01-11 19:20:29.000","2026-08-06T10:58:24","d6d0b4ebef8963f9f6e47fb2c653d62b","2022-01-11 19:20:29.000","2022-01-11 19:20:29.000","9999-12-31 00:00:00.000"
500048,10077,"APARTMENT","Shared room","paris","france",2,1,1,32,0.50,16.00,"BUDGET","2025-07-03 05:39:58.000","2026-08-06T10:58:24","09872881e6b43fb8733d304680535fc3","2025-07-03 05:39:58.000","2025-07-03 05:39:58.000","9999-12-31 00:00:00.000"
500049,10023,"APARTMENT","Entire home/apt","paris","france",7,3,3,184,0.43,26.29,"MID_RANGE","2019-11-22 16:40:35.000","2026-08-06T10:58:24","cf9c73e38a1f600c44cecc7131e5ddf1","2019-11-22 16:40:35.000","2019-11-22 16:40:35.000","9999-12-31 00:00:00.000"
500050,10059,"STUDIO","Entire home/apt","strasbourg","france",2,0,1,68,0.00,34.00,"BUDGET","2023-04-04 12:35:19.000","2026-08-06T10:58:24","87ba92faf3c943c2c02a6f5fde1b51bc","2023-04-04 12:35:19.000","2023-04-04 12:35:19.000","9999-12-31 00:00:00.000"
500051,10080,"HOUSE","Entire home/apt","marseille","france",10,5,2,175,0.50,17.50,"MID_RANGE","2023-09-02 11:47:49.000","2026-08-06T10:58:24","4d89a93d26b2765d643286e42bf5ff1b","2023-09-02 11:47:49.000","2023-09-02 11:47:49.000","9999-12-31 00:00:00.000"
500052,10040,"APARTMENT","Private room","toulouse","france",3,1,1,45,0.33,15.00,"BUDGET","2023-10-05 07:50:39.000","2026-08-06T10:58:24","9e934c4770b67e1376ab66b947731dd4","2023-10-05 07:50:39.000","2023-10-05 07:50:39.000","9999-12-31 00:00:00.000"
500053,10083,"APARTMENT","Entire home/apt","nantes","france",1,1,1,75,1.00,75.00,"MID_RANGE","2026-08-05 23:59:59.000","2026-08-06T10:58:24","69df99a86120fe00ef918b8b99d08918","2026-08-05 23:59:59.000","2026-08-05 23:59:59.000","9999-12-31 00:00:00.000"
500054,10081,"LOFT","Private room","marseille","france",5,2,2,71,0.40,14.20,"BUDGET","2024-06-14 18:30:45.000","2026-08-06T10:58:24","ebb042300e10fe74e8cafe387ccec4bb","2024-06-14 18:30:45.000","2024-06-14 18:30:45.000","9999-12-31 00:00:00.000"
500055,10009,"HOUSE","Private room","marseille","france",5,2,1,58,0.40,11.60,"BUDGET","2024-08-23 21:47:58.000","2026-08-06T10:58:24","fc4d022ceff76f18be722b32447e07f3","2024-08-23 21:47:58.000","2024-08-23 21:47:58.000","9999-12-31 00:00:00.000"
500056,10037,"STUDIO","Private room","paris","france",2,0,1,65,0.00,32.50,"BUDGET","2020-11-12 11:08:49.000","2026-08-06T10:58:24","590d2c98ba0acbdc43e0b3c4d759bfdf","2020-11-12 11:08:49.000","2020-11-12 11:08:49.000","9999-12-31 00:00:00.000"
500057,10074,"APARTMENT","Entire home/apt","nice","france",1,1,1,85,1.00,85.00,"MID_RANGE","2023-10-01 21:50:39.000","2026-08-06T10:58:24","7a3fa92fdbb45f8392187b35145bcda1","2023-10-01 21:50:39.000","2023-10-01 21:50:39.000","9999-12-31 00:00:00.000"
500058,10083,"APARTMENT","Entire home/apt","paris","france",5,2,1,169,0.40,33.80,"MID_RANGE","2026-02-22 21:41:14.000","2026-08-06T10:58:24","9cfe2cd299d351fd3eeaac9b6785eddd","2026-02-22 21:41:14.000","2026-02-22 21:41:14.000","9999-12-31 00:00:00.000"
500059,10044,"APARTMENT","Entire home/apt","nice","france",3,2,2,100,0.67,33.33,"MID_RANGE","2021-05-21 01:58:03.000","2026-08-06T10:58:24","d47ce39423fea93ee3eafc5bef454dad","2021-05-21 01:58:03.000","2021-05-21 01:58:03.000","9999-12-31 00:00:00.000"
500060,10093,"CONDOMINIUM","Entire home/apt","lille","france",2,1,1,65,0.50,32.50,"BUDGET","2025-01-22 08:24:51.000","2026-08-06T10:58:24","e262babede4e6aba6f79656232eb736b","2025-01-22 08:24:51.000","2025-01-22 08:24:51.000","9999-12-31 00:00:00.000"
500061,10090,"APARTMENT","Private room","nice","france",2,1,1,58,0.50,29.00,"BUDGET","2019-03-31 01:25:47.000","2026-08-06T10:58:24","79652cd7de209493c8630ed69d5682a0","2019-03-31 01:25:47.000","2019-03-31 01:25:47.000","9999-12-31 00:00:00.000"
500062,10095,"VILLA","Entire home/apt","montpellier","france",12,5,3,163,0.42,13.58,"MID_RANGE","2018-11-10 19:18:04.000","2026-08-06T10:58:24","18d7cc4bbd204de3df99ef8d0bcaf02d","2018-11-10 19:18:04.000","2018-11-10 19:18:04.000","9999-12-31 00:00:00.000"
500063,10099,"APARTMENT","Entire home/apt","marseille","france",2,1,1,74,0.50,37.00,"BUDGET","2023-09-30 13:43:53.000","2026-08-06T10:58:24","04c17a19fb18ebcbf5df4d4b6b3f0005","2023-09-30 13:43:53.000","2023-09-30 13:43:53.000","9999-12-31 00:00:00.000"
500064,10005,"STUDIO","Entire home/apt","nice","france",2,0,1,87,0.00,43.50,"MID_RANGE","2023-01-23 10:26:04.000","2026-08-06T10:58:24","8d5b368e9021c598e4614e3be38f09c9","2023-01-23 10:26:04.000","2023-01-23 10:26:04.000","9999-12-31 00:00:00.000"
500065,10022,"APARTMENT","Entire home/apt","toulouse","france",5,3,3,110,0.60,22.00,"MID_RANGE","2019-02-21 06:55:25.000","2026-08-06T10:58:24","84a0f3912f21dcb3c24c960709d6d972","2019-02-21 06:55:25.000","2019-02-21 06:55:25.000","9999-12-31 00:00:00.000"
500066,10030,"APARTMENT","Private room","bordeaux","france",3,2,2,58,0.67,19.33,"BUDGET","2020-08-14 16:07:36.000","2026-08-06T10:58:24","217fdfe1699789d3908de66baab947e1","2020-08-14 16:07:36.000","2020-08-14 16:07:36.000","9999-12-31 00:00:00.000"
500067,10037,"APARTMENT","Entire home/apt","nantes","france",1,1,1,78,1.00,78.00,"MID_RANGE","2019-11-27 06:10:46.000","2026-08-06T10:58:24","e8b6a572b3317d84942a37b881a8de93","2019-11-27 06:10:46.000","2019-11-27 06:10:46.000","9999-12-31 00:00:00.000"
500068,10048,"APARTMENT","Private room","bordeaux","france",2,1,1,51,0.50,25.50,"BUDGET","2021-07-17 12:51:06.000","2026-08-06T10:58:24","d5660a43602a5ad989b9909dbb355a7f","2021-07-17 12:51:06.000","2021-07-17 12:51:06.000","9999-12-31 00:00:00.000"
500069,10019,"APARTMENT","Private room","lille","france",4,2,1,46,0.50,11.50,"BUDGET","2024-07-17 00:57:10.000","2026-08-06T10:58:24","a280977129e52bb8e9ea932c1418fbc2","2024-07-17 00:57:10.000","2024-07-17 00:57:10.000","9999-12-31 00:00:00.000"
500070,10050,"APARTMENT","Entire home/apt","montpellier","france",3,1,1,94,0.33,31.33,"MID_RANGE","2022-02-10 04:43:55.000","2026-08-06T10:58:24","d4897d71cc3eee32845c5b9629d2274f","2022-02-10 04:43:55.000","2022-02-10 04:43:55.000","9999-12-31 00:00:00.000"
500071,10061,"APARTMENT","Private room","nice","france",5,2,1,98,0.40,19.60,"MID_RANGE","2019-07-20 22:53:45.000","2026-08-06T10:58:24","43ec3932fe9521a8e748f72640ca3f81","2019-07-20 22:53:45.000","2019-07-20 22:53:45.000","9999-12-31 00:00:00.000"
500072,10020,"LOFT","Entire home/apt","bordeaux","france",2,1,1,78,0.50,39.00,"MID_RANGE","2020-07-02 03:50:08.000","2026-08-06T10:58:24","a0b7ca62d55786f6e10e1f07a6ece78f","2020-07-02 03:50:08.000","2020-07-02 03:50:08.000","9999-12-31 00:00:00.000"
500073,10080,"APARTMENT","Private room","marseille","france",7,3,2,81,0.43,11.57,"MID_RANGE","2023-11-30 03:27:33.000","2026-08-06T10:58:24","ee65a9d4f181bc62a803f8f73fe743d8","2023-11-30 03:27:33.000","2023-11-30 03:27:33.000","9999-12-31 00:00:00.000"
500074,10038,"HOUSE","Entire home/apt","marseille","france",10,5,2,181,0.50,18.10,"MID_RANGE","2026-01-06 06:29:40.000","2026-08-06T10:58:24","fbcc4156bb160ee38239d84e4bf7f20e","2026-01-06 06:29:40.000","2026-01-06 06:29:40.000","9999-12-31 00:00:00.000"
500075,10065,"APARTMENT","Entire home/apt","nantes","france",3,2,2,95,0.67,31.67,"MID_RANGE","2023-01-18 12:04:35.000","2026-08-06T10:58:24","df1b7b4b63b42c20ce3fdc7268cbacc3","2023-01-18 12:04:35.000","2023-01-18 12:04:35.000","9999-12-31 00:00:00.000"
500076,10009,"LOFT","Entire home/apt","lyon","france",7,3,3,129,0.43,18.43,"MID_RANGE","2024-07-04 14:06:27.000","2026-08-06T10:58:24","da2dfd4f4b48d9488d8a50300e0133e4","2024-07-04 14:06:27.000","2024-07-04 14:06:27.000","9999-12-31 00:00:00.000"
500077,10083,"LOFT","Entire home/apt","paris","france",6,3,2,222,0.50,37.00,"LUXURY","2025-11-03 08:03:54.000","2026-08-06T10:58:24","afbe8c5108193d72bb30286bf2ddd7d4","2025-11-03 08:03:54.000","2025-11-03 08:03:54.000","9999-12-31 00:00:00.000"
500078,10005,"APARTMENT","Entire home/apt","paris","france",2,1,1,116,0.50,58.00,"MID_RANGE","2022-11-08 05:50:09.000","2026-08-06T10:58:24","dde24f519824ffcbf04ca4633dbb10aa","2022-11-08 05:50:09.000","2022-11-08 05:50:09.000","9999-12-31 00:00:00.000"
500079,10097,"APARTMENT","Private room","nice","france",3,1,1,59,0.33,19.67,"BUDGET","2019-05-16 13:49:01.000","2026-08-06T10:58:24","b36648d23f8850132933e1168b0cf324","2019-05-16 13:49:01.000","2019-05-16 13:49:01.000","9999-12-31 00:00:00.000"
500080,10096,"CONDOMINIUM","Entire home/apt","marseille","france",2,1,1,70,0.50,35.00,"BUDGET","2025-10-13 16:32:14.000","2026-08-06T10:58:24","43c66c6faf6e1fdc5ed5d70407124f29","2025-10-13 16:32:14.000","2025-10-13 16:32:14.000","9999-12-31 00:00:00.000"
500081,10094,"APARTMENT","Hotel room","marseille","france",3,1,1,69,0.33,23.00,"BUDGET","2024-05-03 01:26:56.000","2026-08-06T10:58:24","612d3abc22f59e81b45f00042ff0e467","2024-05-03 01:26:56.000","2024-05-03 01:26:56.000","9999-12-31 00:00:00.000"
500082,10040,"LOFT","Entire home/apt","marseille","france",4,2,2,83,0.50,20.75,"MID_RANGE","2023-12-25 15:55:10.000","2026-08-06T10:58:24","1afcb7ddc8d6f3815956a4606873e257","2023-12-25 15:55:10.000","2023-12-25 15:55:10.000","9999-12-31 00:00:00.000"
500083,10082,"CONDOMINIUM","Entire home/apt","montpellier","france",6,3,3,123,0.50,20.50,"MID_RANGE","2025-04-16 04:56:27.000","2026-08-06T10:58:24","8d6ecce304a1dd887a63c1f45ed9e574","2025-04-16 04:56:27.000","2025-04-16 04:56:27.000","9999-12-31 00:00:00.000"
500084,10019,"HOUSE","Entire home/apt","lille","france",6,3,2,120,0.50,20.00,"MID_RANGE","2024-07-01 19:58:31.000","2026-08-06T10:58:24","a7dfe0815be3afa30a32113dcd9314d8","2024-07-01 19:58:31.000","2024-07-01 19:58:31.000","9999-12-31 00:00:00.000"
500085,10005,"HOUSE","Shared room","bordeaux","france",9,4,2,59,0.44,6.56,"BUDGET","2022-11-01 01:59:27.000","2026-08-06T10:58:24","d7cb6d6aed6230c9672f2d32146dcd8e","2022-11-01 01:59:27.000","2022-11-01 01:59:27.000","9999-12-31 00:00:00.000"
500086,10084,"CONDOMINIUM","Entire home/apt","paris","france",2,1,1,134,0.50,67.00,"MID_RANGE","2025-08-22 22:36:51.000","2026-08-06T10:58:24","d55229a2d96a81406a6c0c5e22ccae36","2025-08-22 22:36:51.000","2025-08-22 22:36:51.000","9999-12-31 00:00:00.000"
500087,10091,"CONDOMINIUM","Entire home/apt","marseille","france",3,2,1,75,0.67,25.00,"MID_RANGE","2024-06-18 03:50:35.000","2026-08-06T10:58:24","3d626d2a689de406ae3ec12e8c06be56","2024-06-18 03:50:35.000","2024-06-18 03:50:35.000","9999-12-31 00:00:00.000"
500088,10092,"APARTMENT","Private room","marseille","france",5,2,2,67,0.40,13.40,"BUDGET","2024-08-28 11:46:16.000","2026-08-06T10:58:24","41975dc10833f10e03659479e0842896","2024-08-28 11:46:16.000","2024-08-28 11:46:16.000","9999-12-31 00:00:00.000"
500089,10039,"LOFT","Private room","lille","france",5,3,3,54,0.60,10.80,"BUDGET","2021-04-14 17:03:51.000","2026-08-06T10:58:24","6850cac876dcde36fc2b2e1f95a6b736","2021-04-14 17:03:51.000","2021-04-14 17:03:51.000","9999-12-31 00:00:00.000"
500090,10031,"APARTMENT","Entire home/apt","nantes","france",4,2,1,97,0.50,24.25,"MID_RANGE","2021-09-05 19:18:19.000","2026-08-06T10:58:24","6765c13c500d3243b2d80050afc3ca2c","2021-09-05 19:18:19.000","2021-09-05 19:18:19.000","9999-12-31 00:00:00.000"
500091,10092,"APARTMENT","Private room","toulouse","france",5,3,2,68,0.60,13.60,"BUDGET","2024-10-13 20:55:48.000","2026-08-06T10:58:24","c4a50b503fa208b76c883fd58973d120","2024-10-13 20:55:48.000","2024-10-13 20:55:48.000","9999-12-31 00:00:00.000"
500092,10088,"APARTMENT","Private room","marseille","france",7,3,2,85,0.43,12.14,"MID_RANGE","2021-04-21 23:17:06.000","2026-08-06T10:58:24","da742b07e80707d660446576e3553ba5","2021-04-21 23:17:06.000","2021-04-21 23:17:06.000","9999-12-31 00:00:00.000"
500093,10008,"APARTMENT","Entire home/apt","lille","france",2,1,1,59,0.50,29.50,"BUDGET","2023-11-04 16:36:22.000","2026-08-06T10:58:24","d13db1040adbf0bb021fa047f1cbc3d0","2023-11-04 16:36:22.000","2023-11-04 16:36:22.000","9999-12-31 00:00:00.000"
500094,10033,"CONDOMINIUM","Entire home/apt","paris","france",6,3,2,199,0.50,33.17,"MID_RANGE","2019-08-20 20:16:14.000","2026-08-06T10:58:24","0a9f1a8463517571dc660a206aec5ca3","2019-08-20 20:16:14.000","2019-08-20 20:16:14.000","9999-12-31 00:00:00.000"
500095,10022,"LOFT","Entire home/apt","nice","france",5,3,2,129,0.60,25.80,"MID_RANGE","2018-12-26 01:21:38.000","2026-08-06T10:58:24","d1d114c3e1309c12055c4f496095f7ee","2018-12-26 01:21:38.000","2018-12-26 01:21:38.000","9999-12-31 00:00:00.000"
500096,10027,"APARTMENT","Entire home/apt","toulouse","france",5,2,2,111,0.40,22.20,"MID_RANGE","2019-04-11 16:57:25.000","2026-08-06T10:58:24","5abe65d843e9607ace5dcbbae626dee2","2019-04-11 16:57:25.000","2019-04-11 16:57:25.000","9999-12-31 00:00:00.000"
500097,10088,"APARTMENT","Private room","lyon","france",2,1,1,43,0.50,21.50,"BUDGET","2021-05-29 20:22:17.000","2026-08-06T10:58:24","023a3dbf8f8564bb8cd64990bbdbe24d","2021-05-29 20:22:17.000","2021-05-29 20:22:17.000","9999-12-31 00:00:00.000"
500098,10041,"APARTMENT","Hotel room","lille","france",4,2,1,80,0.50,20.00,"MID_RANGE","2018-10-26 01:17:07.000","2026-08-06T10:58:24","0165a31b714c6a74443e8c211da921b0","2018-10-26 01:17:07.000","2018-10-26 01:17:07.000","9999-12-31 00:00:00.000"
500099,10031,"APARTMENT","Entire home/apt","marseille","france",1,1,1,86,1.00,86.00,"MID_RANGE","2022-06-04 06:14:49.000","2026-08-06T10:58:24","d8347183a90b6b98856fb1bb76fd1fb9","2022-06-04 06:14:49.000","2022-06-04 06:14:49.000","9999-12-31 00:00:00.000"
500100,10021,"VILLA","Private room","nantes","france",6,3,3,77,0.50,12.83,"MID_RANGE","2020-01-15 16:33:54.000","2026-08-06T10:58:24","4e8a94e96236a78ece86ccb25c982f49","2020-01-15 16:33:54.000","2020-01-15 16:33:54.000","9999-12-31 00:00:00.000"
500101,10064,"CONDOMINIUM","Entire home/apt","paris","france",1,1,1,96,1.00,96.00,"MID_RANGE","2024-06-22 04:23:05.000","2026-08-06T10:58:24","8f8d4c43ebc5296fdf39a56ba5e2406e","2024-06-22 04:23:05.000","2024-06-22 04:23:05.000","9999-12-31 00:00:00.000"
500102,10084,"APARTMENT","Entire home/apt","nice","france",2,1,1,114,0.50,57.00,"MID_RANGE","2026-07-01 01:36:00.000","2026-08-06T10:58:24","1466e2d49bdcb6594114892549785b88","2026-07-01 01:36:00.000","2026-07-01 01:36:00.000","9999-12-31 00:00:00.000"
500103,10047,"APARTMENT","Entire home/apt","paris","france",5,2,2,149,0.40,29.80,"MID_RANGE","2023-11-21 15:30:47.000","2026-08-06T10:58:24","5f142c49efce752e114416511f68cd72","2023-11-21 15:30:47.000","2023-11-21 15:30:47.000","9999-12-31 00:00:00.000"
500104,10036,"HOUSE","Entire home/apt","nantes","france",6,3,3,112,0.50,18.67,"MID_RANGE","2024-03-23 20:20:03.000","2026-08-06T10:58:24","dc2503c9cd213af742b9da7b3e7846d0","2024-03-23 20:20:03.000","2024-03-23 20:20:03.000","9999-12-31 00:00:00.000"
500105,10019,"APARTMENT","Entire home/apt","paris","france",1,1,1,125,1.00,125.00,"MID_RANGE","2024-08-26 01:03:04.000","2026-08-06T10:58:24","333ebbb07c762387a9df9d4e4aa39aba","2024-08-26 01:03:04.000","2024-08-26 01:03:04.000","9999-12-31 00:00:00.000"
500106,10078,"APARTMENT","Shared room","strasbourg","france",3,2,2,31,0.67,10.33,"BUDGET","2023-02-11 09:11:02.000","2026-08-06T10:58:24","57949014b27bae1730376e4d83f6b54b","2023-02-11 09:11:02.000","2023-02-11 09:11:02.000","9999-12-31 00:00:00.000"
500107,10065,"APARTMENT","Private room","nantes","france",4,2,1,48,0.50,12.00,"BUDGET","2023-08-20 16:29:50.000","2026-08-06T10:58:24","9bc54e806c7ab622168a136569473cd3","2023-08-20 16:29:50.000","2023-08-20 16:29:50.000","9999-12-31 00:00:00.000"
500108,10040,"LOFT","Private room","nantes","france",3,1,1,40,0.33,13.33,"BUDGET","2024-05-28 15:04:07.000","2026-08-06T10:58:24","63be278951b5aaa950a7833de4aaa813","2024-05-28 15:04:07.000","2024-05-28 15:04:07.000","9999-12-31 00:00:00.000"
500109,10093,"APARTMENT","Entire home/apt","paris","france",7,3,3,190,0.43,27.14,"MID_RANGE","2025-10-25 04:07:46.000","2026-08-06T10:58:24","84119c1d2422c556c5f16016f3090c1f","2025-10-25 04:07:46.000","2025-10-25 04:07:46.000","9999-12-31 00:00:00.000"
500110,10090,"APARTMENT","Entire home/apt","paris","france",2,1,1,112,0.50,56.00,"MID_RANGE","2019-11-14 16:41:33.000","2026-08-06T10:58:24","cb68023ce81f1ed23cdd1bec1c9fbab5","2019-11-14 16:41:33.000","2019-11-14 16:41:33.000","9999-12-31 00:00:00.000"
500111,10095,"LOFT","Entire home/apt","toulouse","france",6,3,3,119,0.50,19.83,"MID_RANGE","2018-11-12 19:34:41.000","2026-08-06T10:58:24","9c3259ed72d3ba6f236e0d86bcbaa838","2018-11-12 19:34:41.000","2018-11-12 19:34:41.000","9999-12-31 00:00:00.000"
500112,10069,"APARTMENT","Private room","lyon","france",7,3,3,86,0.43,12.29,"MID_RANGE","2025-04-21 07:23:16.000","2026-08-06T10:58:24","1dac2282588ffcc0d75b58c852f92983","2025-04-21 07:23:16.000","2025-04-21 07:23:16.000","9999-12-31 00:00:00.000"
500113,10039,"CONDOMINIUM","Entire home/apt","paris","france",5,2,1,191,0.40,38.20,"MID_RANGE","2021-10-19 20:44:05.000","2026-08-06T10:58:24","f875286c7de1ecd2be7e6584da3dc641","2021-10-19 20:44:05.000","2021-10-19 20:44:05.000","9999-12-31 00:00:00.000"
500114,10072,"STUDIO","Entire home/apt","strasbourg","france",1,0,1,85,0.00,85.00,"MID_RANGE","2022-07-19 07:52:39.000","2026-08-06T10:58:24","e9f650f3e81637865edf60092996d0ba","2022-07-19 07:52:39.000","2022-07-19 07:52:39.000","9999-12-31 00:00:00.000"
500115,10019,"APARTMENT","Private room","paris","france",4,2,2,95,0.50,23.75,"MID_RANGE","2024-04-14 15:26:29.000","2026-08-06T10:58:24","49d80d583fead84ccba04f9a6c4e93d4","2024-04-14 15:26:29.000","2024-04-14 15:26:29.000","9999-12-31 00:00:00.000"
500116,10035,"HOUSE","Entire home/apt","strasbourg","france",6,3,2,135,0.50,22.50,"MID_RANGE","2022-05-06 01:46:18.000","2026-08-06T10:58:24","56bbe7d473acd339521dc114febebce0","2022-05-06 01:46:18.000","2022-05-06 01:46:18.000","9999-12-31 00:00:00.000"
500117,10007,"APARTMENT","Entire home/apt","paris","france",5,3,2,209,0.60,41.80,"LUXURY","2025-08-22 21:37:05.000","2026-08-06T10:58:24","875621c03884fa5f1b1b4b04630c72e2","2025-08-22 21:37:05.000","2025-08-22 21:37:05.000","9999-12-31 00:00:00.000"
500118,10061,"APARTMENT","Shared room","marseille","france",4,2,1,35,0.50,8.75,"BUDGET","2019-08-26 11:16:06.000","2026-08-06T10:58:24","6d58d5a8042dfe417f3a868cef02c09e","2019-08-26 11:16:06.000","2019-08-26 11:16:06.000","9999-12-31 00:00:00.000"
500119,10069,"STUDIO","Entire home/apt","toulouse","france",1,0,1,78,0.00,78.00,"MID_RANGE","2025-04-13 01:59:06.000","2026-08-06T10:58:24","5cb17a8ac7ca5c7376f00026e9a9d1f0","2025-04-13 01:59:06.000","2025-04-13 01:59:06.000","9999-12-31 00:00:00.000"
500120,10064,"LOFT","Private room","paris","france",3,2,1,69,0.67,23.00,"BUDGET","2024-12-02 16:43:30.000","2026-08-06T10:58:24","088e9dae6a8392b076d3fc87d875ff7e","2024-12-02 16:43:30.000","2024-12-02 16:43:30.000","9999-12-31 00:00:00.000"
500121,10037,"HOUSE","Entire home/apt","marseille","france",8,3,3,140,0.38,17.50,"MID_RANGE","2019-12-27 19:50:37.000","2026-08-06T10:58:24","316d2a748dd0ebdc8777d725e8430676","2019-12-27 19:50:37.000","2019-12-27 19:50:37.000","9999-12-31 00:00:00.000"
500122,10059,"LOFT","Entire home/apt","nice","france",4,2,1,119,0.50,29.75,"MID_RANGE","2023-08-03 01:07:36.000","2026-08-06T10:58:24","5032be881c64b5cd47a44419eb7d5646","2023-08-03 01:07:36.000","2023-08-03 01:07:36.000","9999-12-31 00:00:00.000"
500123,10066,"APARTMENT","Entire home/apt","lyon","france",2,1,1,92,0.50,46.00,"MID_RANGE","2024-08-07 08:46:34.000","2026-08-06T10:58:24","9f38f96af5de08b790105404443046bf","2024-08-07 08:46:34.000","2024-08-07 08:46:34.000","9999-12-31 00:00:00.000"
500124,10058,"CONDOMINIUM","Entire home/apt","toulouse","france",7,3,2,118,0.43,16.86,"MID_RANGE","2021-01-17 13:54:57.000","2026-08-06T10:58:24","6d39e66d72a6bfe6e3905eea6010b942","2021-01-17 13:54:57.000","2021-01-17 13:54:57.000","9999-12-31 00:00:00.000"
500125,10086,"APARTMENT","Entire home/apt","paris","france",7,3,3,235,0.43,33.57,"LUXURY","2021-01-25 09:01:27.000","2026-08-06T10:58:24","6157f329fd0e2fb626c30ed576e77ba8","2021-01-25 09:01:27.000","2021-01-25 09:01:27.000","9999-12-31 00:00:00.000"
500126,10029,"APARTMENT","Entire home/apt","paris","france",7,3,3,212,0.43,30.29,"LUXURY","2023-01-17 06:07:01.000","2026-08-06T10:58:24","616c2fade6c51bacf767a12baf827622","2023-01-17 06:07:01.000","2023-01-17 06:07:01.000","9999-12-31 00:00:00.000"
500127,10086,"LOFT","Private room","nantes","france",5,3,3,58,0.60,11.60,"BUDGET","2020-09-05 02:36:24.000","2026-08-06T10:58:24","84071527d208bbb5bf8c8a5aedcbd9f5","2020-09-05 02:36:24.000","2020-09-05 02:36:24.000","9999-12-31 00:00:00.000"
500128,10015,"APARTMENT","Entire home/apt","paris","france",7,3,2,191,0.43,27.29,"MID_RANGE","2026-05-27 03:18:12.000","2026-08-06T10:58:24","9f1c9b73eb496cb1772f01f08c32017b","2026-05-27 03:18:12.000","2026-05-27 03:18:12.000","9999-12-31 00:00:00.000"
500129,10027,"APARTMENT","Private room","toulouse","france",3,2,2,38,0.67,12.67,"BUDGET","2019-06-08 16:17:37.000","2026-08-06T10:58:24","6a236040cacd859782aabe6eb3798808","2019-06-08 16:17:37.000","2019-06-08 16:17:37.000","9999-12-31 00:00:00.000"
500130,10072,"STUDIO","Private room","marseille","france",2,0,1,45,0.00,22.50,"BUDGET","2023-01-14 02:39:52.000","2026-08-06T10:58:24","e4052bcc0eed97b1bd4c81a2e01f2a79","2023-01-14 02:39:52.000","2023-01-14 02:39:52.000","9999-12-31 00:00:00.000"
500131,10006,"LOFT","Entire home/apt","marseille","france",1,1,1,60,1.00,60.00,"BUDGET","2024-10-25 17:25:20.000","2026-08-06T10:58:24","54969969185ce2f6303a04fc9879650e","2024-10-25 17:25:20.000","2024-10-25 17:25:20.000","9999-12-31 00:00:00.000"
500132,10099,"LOFT","Shared room","nice","france",4,2,2,46,0.50,11.50,"BUDGET","2023-07-09 01:53:03.000","2026-08-06T10:58:24","791409741109b705ddd6e52506a437ad","2023-07-09 01:53:03.000","2023-07-09 01:53:03.000","9999-12-31 00:00:00.000"
500133,10085,"APARTMENT","Private room","lille","france",1,1,1,35,1.00,35.00,"BUDGET","2026-08-05 23:59:59.000","2026-08-06T10:58:24","bc57f56fd295caf89a8ef192fae36f06","2026-08-05 23:59:59.000","2026-08-05 23:59:59.000","9999-12-31 00:00:00.000"
500134,10097,"APARTMENT","Entire home/apt","paris","france",6,3,3,223,0.50,37.17,"LUXURY","2019-03-15 14:14:45.000","2026-08-06T10:58:24","1948cac493826b41f9952371baab23d1","2019-03-15 14:14:45.000","2019-03-15 14:14:45.000","9999-12-31 00:00:00.000"
500135,10036,"STUDIO","Private room","paris","france",1,0,1,66,0.00,66.00,"BUDGET","2023-10-10 10:09:19.000","2026-08-06T10:58:24","d27b92f05d5b86c2846890fd593da7fa","2023-10-10 10:09:19.000","2023-10-10 10:09:19.000","9999-12-31 00:00:00.000"
500136,10013,"APARTMENT","Entire home/apt","bordeaux","france",1,1,1,81,1.00,81.00,"MID_RANGE","2024-02-05 23:04:31.000","2026-08-06T10:58:24","8c8256114c7a2085de9d65705bbaff0c","2024-02-05 23:04:31.000","2024-02-05 23:04:31.000","9999-12-31 00:00:00.000"
500137,10100,"APARTMENT","Entire home/apt","paris","france",7,3,3,226,0.43,32.29,"LUXURY","2019-06-12 16:29:21.000","2026-08-06T10:58:24","30489d3252b0858cae118ca016db2dfb","2019-06-12 16:29:21.000","2019-06-12 16:29:21.000","9999-12-31 00:00:00.000"
500138,10031,"APARTMENT","Entire home/apt","lyon","france",2,1,1,72,0.50,36.00,"BUDGET","2022-05-05 11:55:41.000","2026-08-06T10:58:24","a82196d07acaa2df028a03af8dae5130","2022-05-05 11:55:41.000","2022-05-05 11:55:41.000","9999-12-31 00:00:00.000"
500139,10023,"APARTMENT","Entire home/apt","nice","france",5,2,2,170,0.40,34.00,"MID_RANGE","2019-04-21 13:40:00.000","2026-08-06T10:58:24","2c8a13081f3c60dc467b1f09fff3fe1b","2019-04-21 13:40:00.000","2019-04-21 13:40:00.000","9999-12-31 00:00:00.000"
500140,10020,"APARTMENT","Entire home/apt","paris","france",1,1,1,131,1.00,131.00,"MID_RANGE","2020-08-20 11:21:31.000","2026-08-06T10:58:24","e73336ec60d8f0d957449817c2530049","2020-08-20 11:21:31.000","2020-08-20 11:21:31.000","9999-12-31 00:00:00.000"
500141,10072,"APARTMENT","Entire home/apt","lyon","france",3,2,2,82,0.67,27.33,"MID_RANGE","2022-11-24 23:02:16.000","2026-08-06T10:58:24","289480b52784f8643f0de23510a26975","2022-11-24 23:02:16.000","2022-11-24 23:02:16.000","9999-12-31 00:00:00.000"
500142,10048,"LOFT","Entire home/apt","paris","france",4,2,1,179,0.50,44.75,"MID_RANGE","2021-06-04 16:40:16.000","2026-08-06T10:58:24","73dd4e93f354cef0005ef67fb4af5b42","2021-06-04 16:40:16.000","2021-06-04 16:40:16.000","9999-12-31 00:00:00.000"
500143,10072,"APARTMENT","Private room","paris","france",3,2,1,87,0.67,29.00,"MID_RANGE","2023-01-11 23:50:36.000","2026-08-06T10:58:24","a265b4c8f73de2d09e812d3b39c533fe","2023-01-11 23:50:36.000","2023-01-11 23:50:36.000","9999-12-31 00:00:00.000"
500144,10062,"HOUSE","Private room","strasbourg","france",10,5,3,109,0.50,10.90,"MID_RANGE","2024-09-12 22:28:21.000","2026-08-06T10:58:24","a34421e75d9027ec0cc8856fb89c1796","2024-09-12 22:28:21.000","2024-09-12 22:28:21.000","9999-12-31 00:00:00.000"
500145,10046,"APARTMENT","Private room","lyon","france",3,2,2,56,0.67,18.67,"BUDGET","2021-06-21 08:17:50.000","2026-08-06T10:58:24","316311fe614a5be302ce1539c15ddc44","2021-06-21 08:17:50.000","2021-06-21 08:17:50.000","9999-12-31 00:00:00.000"
500146,10053,"STUDIO","Private room","paris","france",1,0,1,65,0.00,65.00,"BUDGET","2024-07-15 07:30:44.000","2026-08-06T10:58:24","86c0b372ebce16081c8477f5401a8684","2024-07-15 07:30:44.000","2024-07-15 07:30:44.000","9999-12-31 00:00:00.000"
500147,10038,"APARTMENT","Entire home/apt","paris","france",2,1,1,105,0.50,52.50,"MID_RANGE","2026-03-14 03:37:53.000","2026-08-06T10:58:24","a7e4a9d5ed3018be084b6ea0f9ab1390","2026-03-14 03:37:53.000","2026-03-14 03:37:53.000","9999-12-31 00:00:00.000"
500148,10063,"LOFT","Entire home/apt","marseille","france",3,1,1,76,0.33,25.33,"MID_RANGE","2024-04-03 05:18:50.000","2026-08-06T10:58:24","8d7d5e818f7edec46081445fd88871c6","2024-04-03 05:18:50.000","2024-04-03 05:18:50.000","9999-12-31 00:00:00.000"
500149,10005,"APARTMENT","Private room","lille","france",1,1,1,30,1.00,30.00,"BUDGET","2022-12-21 21:38:52.000","2026-08-06T10:58:24","2164707f19b9165522febd0216815110","2022-12-21 21:38:52.000","2022-12-21 21:38:52.000","9999-12-31 00:00:00.000"
500150,10020,"APARTMENT","Entire home/apt","paris","france",7,3,3,233,0.43,33.29,"LUXURY","2020-06-15 20:58:03.000","2026-08-06T10:58:24","2fd582910679bc14e6b4961323132ed5","2020-06-15 20:58:03.000","2020-06-15 20:58:03.000","9999-12-31 00:00:00.000"
500151,10053,"APARTMENT","Entire home/apt","paris","france",3,2,2,152,0.67,50.67,"MID_RANGE","2023-12-19 16:42:24.000","2026-08-06T10:58:24","d985aa8450af250682284975a641f665","2023-12-19 16:42:24.000","2023-12-19 16:42:24.000","9999-12-31 00:00:00.000"
500152,10068,"APARTMENT","Entire home/apt","paris","france",4,2,2,132,0.50,33.00,"MID_RANGE","2022-12-31 03:22:25.000","2026-08-06T10:58:24","7cba4eaa4ff4795c52feff6e04740395","2022-12-31 03:22:25.000","2022-12-31 03:22:25.000","9999-12-31 00:00:00.000"
500153,10090,"HOUSE","Private room","paris","france",4,2,2,82,0.50,20.50,"MID_RANGE","2019-07-23 11:46:43.000","2026-08-06T10:58:24","52a066c874733b74dac56ab6de34a3b9","2019-07-23 11:46:43.000","2019-07-23 11:46:43.000","9999-12-31 00:00:00.000"
500154,10002,"APARTMENT","Private room","nice","france",6,3,2,109,0.50,18.17,"MID_RANGE","2024-09-12 23:51:58.000","2026-08-06T10:58:24","39b88bfc41eb016ba9180048fec0060e","2024-09-12 23:51:58.000","2024-09-12 23:51:58.000","9999-12-31 00:00:00.000"
500155,10089,"APARTMENT","Entire home/apt","lille","france",3,1,1,86,0.33,28.67,"MID_RANGE","2018-12-16 02:05:27.000","2026-08-06T10:58:24","e0a1468af2fedbe8b654cd79b36e4d3c","2018-12-16 02:05:27.000","2018-12-16 02:05:27.000","9999-12-31 00:00:00.000"
500156,10041,"APARTMENT","Entire home/apt","paris","france",6,3,2,183,0.50,30.50,"MID_RANGE","2018-11-19 15:47:40.000","2026-08-06T10:58:24","3a8b7aa1690b0653cceb8994fa943183","2018-11-19 15:47:40.000","2018-11-19 15:47:40.000","9999-12-31 00:00:00.000"
500157,10050,"APARTMENT","Entire home/apt","nice","france",5,3,2,154,0.60,30.80,"MID_RANGE","2022-05-28 04:31:24.000","2026-08-06T10:58:24","f31a56116ca47897cb4c0858510ae1e0","2022-05-28 04:31:24.000","2022-05-28 04:31:24.000","9999-12-31 00:00:00.000"
500158,10030,"APARTMENT","Private room","lille","france",6,3,3,49,0.50,8.17,"BUDGET","2020-03-14 16:09:01.000","2026-08-06T10:58:24","fb47a66fb4586a44bdeac74f67964381","2020-03-14 16:09:01.000","2020-03-14 16:09:01.000","9999-12-31 00:00:00.000"
500159,10046,"APARTMENT","Entire home/apt","bordeaux","france",7,3,3,134,0.43,19.14,"MID_RANGE","2021-11-21 11:45:45.000","2026-08-06T10:58:24","28d7844f415cb75a7487becb2cb5836a","2021-11-21 11:45:45.000","2021-11-21 11:45:45.000","9999-12-31 00:00:00.000"
500160,10092,"APARTMENT","Entire home/apt","paris","france",5,3,3,165,0.60,33.00,"MID_RANGE","2024-01-13 20:27:38.000","2026-08-06T10:58:24","e84ebe10de53019678b6ffdede232c98","2024-01-13 20:27:38.000","2024-01-13 20:27:38.000","9999-12-31 00:00:00.000"
500161,10057,"APARTMENT","Entire home/apt","lyon","france",2,1,1,80,0.50,40.00,"MID_RANGE","2021-12-14 23:11:53.000","2026-08-06T10:58:24","4057b0ec030317620a5712402c7a8287","2021-12-14 23:11:53.000","2021-12-14 23:11:53.000","9999-12-31 00:00:00.000"
500162,10012,"APARTMENT","Entire home/apt","lyon","france",4,2,1,99,0.50,24.75,"MID_RANGE","2021-05-06 21:12:20.000","2026-08-06T10:58:24","87773638724e7d3459fa8dea0a6b7d3c","2021-05-06 21:12:20.000","2021-05-06 21:12:20.000","9999-12-31 00:00:00.000"
500163,10072,"CONDOMINIUM","Entire home/apt","strasbourg","france",3,1,1,76,0.33,25.33,"MID_RANGE","2022-05-15 05:20:19.000","2026-08-06T10:58:24","492469c88b94fdcdd5b3a457ada2e5fd","2022-05-15 05:20:19.000","2022-05-15 05:20:19.000","9999-12-31 00:00:00.000"
500164,10019,"APARTMENT","Entire home/apt","paris","france",3,2,2,123,0.67,41.00,"MID_RANGE","2024-05-02 08:14:26.000","2026-08-06T10:58:24","b569e00fdf7bcd3fa8d3b86710c643d7","2024-05-02 08:14:26.000","2024-05-02 08:14:26.000","9999-12-31 00:00:00.000"
500165,10077,"APARTMENT","Entire home/apt","bordeaux","france",2,1,1,95,0.50,47.50,"MID_RANGE","2026-01-10 00:20:52.000","2026-08-06T10:58:24","c794079bfe3cf2c6ea875f72fd2b5279","2026-01-10 00:20:52.000","2026-01-10 00:20:52.000","9999-12-31 00:00:00.000"
500166,10056,"STUDIO","Hotel room","nantes","france",1,0,1,54,0.00,54.00,"BUDGET","2024-03-15 23:01:10.000","2026-08-06T10:58:24","a399d3bffc58edc5787e2c55597a9df2","2024-03-15 23:01:10.000","2024-03-15 23:01:10.000","9999-12-31 00:00:00.000"
500167,10023,"CONDOMINIUM","Entire home/apt","montpellier","france",7,3,3,160,0.43,22.86,"MID_RANGE","2019-12-13 22:33:58.000","2026-08-06T10:58:24","d831a4ff052b7bafc3048ae9ab4fb24f","2019-12-13 22:33:58.000","2019-12-13 22:33:58.000","9999-12-31 00:00:00.000"
500168,10036,"APARTMENT","Entire home/apt","nantes","france",5,3,2,112,0.60,22.40,"MID_RANGE","2024-07-09 03:42:44.000","2026-08-06T10:58:24","d7e0dddc6b74501ff16e2953d789313c","2024-07-09 03:42:44.000","2024-07-09 03:42:44.000","9999-12-31 00:00:00.000"
500169,10091,"STUDIO","Private room","paris","france",1,0,1,68,0.00,68.00,"BUDGET","2024-07-22 09:57:53.000","2026-08-06T10:58:24","e2f52371239f87e95749edbca3b28e0b","2024-07-22 09:57:53.000","2024-07-22 09:57:53.000","9999-12-31 00:00:00.000"
500170,10033,"LOFT","Private room","nice","france",2,1,1,57,0.50,28.50,"BUDGET","2020-02-23 18:39:03.000","2026-08-06T10:58:24","01367e14a7004be64eaa543bdb780fee","2020-02-23 18:39:03.000","2020-02-23 18:39:03.000","9999-12-31 00:00:00.000"
500171,10089,"APARTMENT","Shared room","lyon","france",7,3,2,38,0.43,5.43,"BUDGET","2018-07-08 02:45:38.000","2026-08-06T10:58:24","ce57dc73bfd4135d76e6d22aa4fa2016","2018-07-08 02:45:38.000","2018-07-08 02:45:38.000","9999-12-31 00:00:00.000"
500172,10022,"APARTMENT","Hotel room","nice","france",7,3,3,190,0.43,27.14,"MID_RANGE","2018-07-19 20:10:57.000","2026-08-06T10:58:24","985066cfe5c43e078ba9e7af39cfb8f4","2018-07-19 20:10:57.000","2018-07-19 20:10:57.000","9999-12-31 00:00:00.000"
500173,10013,"APARTMENT","Entire home/apt","paris","france",7,3,2,215,0.43,30.71,"LUXURY","2024-04-26 20:40:26.000","2026-08-06T10:58:24","5a1aa802c4569c8f6e3d6dc145fa4b5d","2024-04-26 20:40:26.000","2024-04-26 20:40:26.000","9999-12-31 00:00:00.000"
500174,10076,"APARTMENT","Hotel room","nice","france",3,2,2,97,0.67,32.33,"MID_RANGE","2019-05-01 22:43:48.000","2026-08-06T10:58:24","635154a31f9b9b95a64fd6f2dade4653","2019-05-01 22:43:48.000","2019-05-01 22:43:48.000","9999-12-31 00:00:00.000"
500175,10019,"APARTMENT","Private room","lyon","france",6,3,3,74,0.50,12.33,"BUDGET","2024-08-08 08:18:23.000","2026-08-06T10:58:24","5d1db993c56692e13531b691e8f42e35","2024-08-08 08:18:23.000","2024-08-08 08:18:23.000","9999-12-31 00:00:00.000"
500176,10041,"APARTMENT","Private room","paris","france",2,1,1,68,0.50,34.00,"BUDGET","2018-04-30 07:26:20.000","2026-08-06T10:58:24","9313228c192437500aa7e5600b542eb1","2018-04-30 07:26:20.000","2018-04-30 07:26:20.000","9999-12-31 00:00:00.000"
500177,10023,"APARTMENT","Entire home/apt","bordeaux","france",3,2,2,104,0.67,34.67,"MID_RANGE","2019-02-12 11:56:01.000","2026-08-06T10:58:24","5f7bbc44a3d568de92183ecdd28f3917","2019-02-12 11:56:01.000","2019-02-12 11:56:01.000","9999-12-31 00:00:00.000"
500178,10051,"HOUSE","Entire home/apt","paris","france",11,5,2,326,0.45,29.64,"LUXURY","2021-02-23 01:48:36.000","2026-08-06T10:58:24","2431330c7d80082a6b95a142cf68a449","2021-02-23 01:48:36.000","2021-02-23 01:48:36.000","9999-12-31 00:00:00.000"
500179,10009,"STUDIO","Entire home/apt","bordeaux","france",2,0,1,74,0.00,37.00,"BUDGET","2024-03-04 05:27:30.000","2026-08-06T10:58:24","87c0015a79b61102ff1d78d626b0d64e","2024-03-04 05:27:30.000","2024-03-04 05:27:30.000","9999-12-31 00:00:00.000"
500180,10063,"HOUSE","Entire home/apt","marseille","france",12,5,2,194,0.42,16.17,"MID_RANGE","2024-02-20 04:27:09.000","2026-08-06T10:58:24","61481495c0a431c6521d713e8d328df2","2024-02-20 04:27:09.000","2024-02-20 04:27:09.000","9999-12-31 00:00:00.000"
500181,10087,"APARTMENT","Entire home/apt","nice","france",3,1,1,109,0.33,36.33,"MID_RANGE","2019-06-23 18:07:56.000","2026-08-06T10:58:24","1c1ec8395faa66aaccd8d1dd0deceaec","2019-06-23 18:07:56.000","2019-06-23 18:07:56.000","9999-12-31 00:00:00.000"
500182,10048,"APARTMENT","Entire home/apt","nice","france",3,1,1,114,0.33,38.00,"MID_RANGE","2021-11-04 18:28:18.000","2026-08-06T10:58:24","4227ea14a455af4110c1e7bb77447e16","2021-11-04 18:28:18.000","2021-11-04 18:28:18.000","9999-12-31 00:00:00.000"
500183,10083,"APARTMENT","Entire home/apt","strasbourg","france",3,2,1,81,0.67,27.00,"MID_RANGE","2026-05-20 04:18:20.000","2026-08-06T10:58:24","3e4b3940b2c031af61a7a75c2b8d4a48","2026-05-20 04:18:20.000","2026-05-20 04:18:20.000","9999-12-31 00:00:00.000"
500184,10046,"APARTMENT","Entire home/apt","montpellier","france",5,2,2,106,0.40,21.20,"MID_RANGE","2021-09-17 15:40:23.000","2026-08-06T10:58:24","3557a3692c9385fd92653e8571c8c2ec","2021-09-17 15:40:23.000","2021-09-17 15:40:23.000","9999-12-31 00:00:00.000"
500185,10057,"APARTMENT","Entire home/apt","marseille","france",2,1,1,67,0.50,33.50,"BUDGET","2021-12-27 19:16:41.000","2026-08-06T10:58:24","8c0b8e2e6d698fb439c47f17276af7a1","2021-12-27 19:16:41.000","2021-12-27 19:16:41.000","9999-12-31 00:00:00.000"
500186,10059,"LOFT","Entire home/apt","bordeaux","france",5,3,2,118,0.60,23.60,"MID_RANGE","2023-06-14 23:50:01.000","2026-08-06T10:58:24","4d34e8b33c2a1d079cf2978a0dfa558c","2023-06-14 23:50:01.000","2023-06-14 23:50:01.000","9999-12-31 00:00:00.000"
500187,10097,"LOFT","Entire home/apt","paris","france",3,2,1,126,0.67,42.00,"MID_RANGE","2018-11-25 14:08:58.000","2026-08-06T10:58:24","d9e3d6056b1f47bf970d3e529ed34491","2018-11-25 14:08:58.000","2018-11-25 14:08:58.000","9999-12-31 00:00:00.000"
500188,10012,"CONDOMINIUM","Private room","marseille","france",1,1,1,46,1.00,46.00,"BUDGET","2021-08-29 14:52:33.000","2026-08-06T10:58:24","0d9c3493626f7c5948d9e68ae6c834fc","2021-08-29 14:52:33.000","2021-08-29 14:52:33.000","9999-12-31 00:00:00.000"
500189,10079,"APARTMENT","Entire home/apt","paris","france",3,1,1,138,0.33,46.00,"MID_RANGE","2024-01-28 04:04:35.000","2026-08-06T10:58:24","312f24edb2d853b96ba960c04e638239","2024-01-28 04:04:35.000","2024-01-28 04:04:35.000","9999-12-31 00:00:00.000"
500190,10091,"HOUSE","Shared room","paris","france",4,2,2,55,0.50,13.75,"BUDGET","2024-09-30 09:47:22.000","2026-08-06T10:58:24","a6e89502ca259ffc92b66c5ac3bd9dc9","2024-09-30 09:47:22.000","2024-09-30 09:47:22.000","9999-12-31 00:00:00.000"
500191,10017,"LOFT","Private room","paris","france",6,3,3,94,0.50,15.67,"MID_RANGE","2023-02-17 19:11:27.000","2026-08-06T10:58:24","09625a246c6dccbb2a09f3b317e536a2","2023-02-17 19:11:27.000","2023-02-17 19:11:27.000","9999-12-31 00:00:00.000"
500192,10049,"HOUSE","Private room","marseille","france",5,2,2,67,0.40,13.40,"BUDGET","2019-11-22 22:33:26.000","2026-08-06T10:58:24","59e4039f3a53785b77a45b0f23269dac","2019-11-22 22:33:26.000","2019-11-22 22:33:26.000","9999-12-31 00:00:00.000"
500193,10075,"LOFT","Private room","paris","france",6,3,3,124,0.50,20.67,"MID_RANGE","2019-12-30 10:25:31.000","2026-08-06T10:58:24","b042953227026b5cb89c93ae863db081","2019-12-30 10:25:31.000","2019-12-30 10:25:31.000","9999-12-31 00:00:00.000"
500194,10028,"APARTMENT","Entire home/apt","marseille","france",7,3,2,143,0.43,20.43,"MID_RANGE","2021-05-16 17:53:08.000","2026-08-06T10:58:24","3c9424d6fed0837a549c5368269ecbbf","2021-05-16 17:53:08.000","2021-05-16 17:53:08.000","9999-12-31 00:00:00.000"
500195,10098,"APARTMENT","Private room","paris","france",3,2,1,87,0.67,29.00,"MID_RANGE","2019-09-05 02:46:32.000","2026-08-06T10:58:24","e62f49b386ca149c33b6122ffa329167","2019-09-05 02:46:32.000","2019-09-05 02:46:32.000","9999-12-31 00:00:00.000"
500196,10055,"HOUSE","Entire home/apt","paris","france",8,4,3,203,0.50,25.38,"LUXURY","2023-01-28 21:56:00.000","2026-08-06T10:58:24","39e4b4aa01177857fd34c249ca4568e9","2023-01-28 21:56:00.000","2023-01-28 21:56:00.000","9999-12-31 00:00:00.000"
500197,10086,"APARTMENT","Entire home/apt","strasbourg","france",5,2,1,110,0.40,22.00,"MID_RANGE","2020-04-19 21:43:48.000","2026-08-06T10:58:24","e5d4118434c27798e03b68440a4376d1","2020-04-19 21:43:48.000","2020-04-19 21:43:48.000","9999-12-31 00:00:00.000"
500198,10028,"APARTMENT","Entire home/apt","marseille","france",6,3,2,103,0.50,17.17,"MID_RANGE","2021-03-04 10:50:52.000","2026-08-06T10:58:24","fbbc014f4b4432ece38c593523d7e9f2","2021-03-04 10:50:52.000","2021-03-04 10:50:52.000","9999-12-31 00:00:00.000"
500199,10089,"APARTMENT","Entire home/apt","paris","france",5,3,2,165,0.60,33.00,"MID_RANGE","2018-08-02 09:28:05.000","2026-08-06T10:58:24","d3abbb404ff7ec0b5fffe600b7a5fb54","2018-08-02 09:28:05.000","2018-08-02 09:28:05.000","9999-12-31 00:00:00.000"
500200,10097,"HOUSE","Entire home/apt","lille","france",6,2,1,113,0.33,18.83,"MID_RANGE","2019-02-01 14:15:22.000","2026-08-06T10:58:24","17a8f78014c9ea57809094e2d29ab274","2019-02-01 14:15:22.000","2019-02-01 14:15:22.000","9999-12-31 00:00:00.000"
500201,10028,"APARTMENT","Entire home/apt","nice","france",6,3,2,145,0.50,24.17,"MID_RANGE","2020-10-31 11:43:32.000","2026-08-06T10:58:24","f3ad4acfa1b858cd17bed2ff42a9a695","2020-10-31 11:43:32.000","2020-10-31 11:43:32.000","9999-12-31 00:00:00.000"
500202,10076,"APARTMENT","Entire home/apt","toulouse","france",1,1,1,72,1.00,72.00,"BUDGET","2019-07-25 12:28:40.000","2026-08-06T10:58:24","eb9dcc96064117de5f33e154b4ab2ae4","2019-07-25 12:28:40.000","2019-07-25 12:28:40.000","9999-12-31 00:00:00.000"
500203,10093,"LOFT","Private room","bordeaux","france",6,3,2,80,0.50,13.33,"MID_RANGE","2025-07-29 03:52:35.000","2026-08-06T10:58:24","1eb8c1e5efd7e51cb1806e3aa77c8b09","2025-07-29 03:52:35.000","2025-07-29 03:52:35.000","9999-12-31 00:00:00.000"
500204,10038,"STUDIO","Private room","nice","france",1,0,1,52,0.00,52.00,"BUDGET","2025-11-06 19:36:44.000","2026-08-06T10:58:24","f69c238dff587cc2811da9b1caa8b275","2025-11-06 19:36:44.000","2025-11-06 19:36:44.000","9999-12-31 00:00:00.000"
500205,10010,"CONDOMINIUM","Hotel room","marseille","france",3,2,2,84,0.67,28.00,"MID_RANGE","2019-06-30 23:48:51.000","2026-08-06T10:58:24","a7e6ed78b9eb7b01335bfead3f74bd85","2019-06-30 23:48:51.000","2019-06-30 23:48:51.000","9999-12-31 00:00:00.000"
500206,10088,"APARTMENT","Hotel room","paris","france",1,1,1,80,1.00,80.00,"MID_RANGE","2021-06-04 11:43:11.000","2026-08-06T10:58:24","a892b7c79b93f7a165fd0fb699364de5","2021-06-04 11:43:11.000","2021-06-04 11:43:11.000","9999-12-31 00:00:00.000"
500207,10051,"HOUSE","Entire home/apt","marseille","france",11,5,3,162,0.45,14.73,"MID_RANGE","2021-08-11 10:39:00.000","2026-08-06T10:58:24","cb1ae516fd2058a6bd0bb2eb2ab4343f","2021-08-11 10:39:00.000","2021-08-11 10:39:00.000","9999-12-31 00:00:00.000"
500208,10036,"APARTMENT","Private room","paris","france",3,1,1,72,0.33,24.00,"BUDGET","2024-08-21 23:39:56.000","2026-08-06T10:58:24","0ec194614abe2723bb35e8f03ac806eb","2024-08-21 23:39:56.000","2024-08-21 23:39:56.000","9999-12-31 00:00:00.000"
500209,10009,"APARTMENT","Shared room","lyon","france",1,1,1,25,1.00,25.00,"BUDGET","2024-08-15 00:14:14.000","2026-08-06T10:58:24","4397c9550e3b390cf713f357cb6c3671","2024-08-15 00:14:14.000","2024-08-15 00:14:14.000","9999-12-31 00:00:00.000"
500210,10078,"HOUSE","Entire home/apt","paris","france",6,3,2,214,0.50,35.67,"LUXURY","2023-01-22 23:44:12.000","2026-08-06T10:58:24","f28545e1fee4a69956d4e05ac2ceb01d","2023-01-22 23:44:12.000","2023-01-22 23:44:12.000","9999-12-31 00:00:00.000"
500211,10045,"STUDIO","Private room","marseille","france",1,0,1,35,0.00,35.00,"BUDGET","2020-12-06 08:46:17.000","2026-08-06T10:58:24","81df6afe529eb621bdb47a51abf4e503","2020-12-06 08:46:17.000","2020-12-06 08:46:17.000","9999-12-31 00:00:00.000"
500212,10016,"APARTMENT","Private room","nantes","france",5,2,1,53,0.40,10.60,"BUDGET","2024-06-30 16:37:09.000","2026-08-06T10:58:24","fb90f74c56b0bdbb97769d9af2a0452e","2024-06-30 16:37:09.000","2024-06-30 16:37:09.000","9999-12-31 00:00:00.000"
500213,10059,"APARTMENT","Private room","marseille","france",2,1,1,37,0.50,18.50,"BUDGET","2022-11-01 06:58:55.000","2026-08-06T10:58:24","5323aaf4ce139389b23b06c3e59a3793","2022-11-01 06:58:55.000","2022-11-01 06:58:55.000","9999-12-31 00:00:00.000"
500214,10015,"APARTMENT","Entire home/apt","paris","france",1,1,1,114,1.00,114.00,"MID_RANGE","2026-03-17 17:22:28.000","2026-08-06T10:58:24","b394c933f462443832c9f9e42296f63c","2026-03-17 17:22:28.000","2026-03-17 17:22:28.000","9999-12-31 00:00:00.000"
500215,10005,"VILLA","Private room","bordeaux","france",10,5,3,102,0.50,10.20,"MID_RANGE","2023-02-06 00:51:59.000","2026-08-06T10:58:24","c5c6e5953d8b443cee725c74335d1cb0","2023-02-06 00:51:59.000","2023-02-06 00:51:59.000","9999-12-31 00:00:00.000"
500216,10010,"APARTMENT","Entire home/apt","bordeaux","france",1,1,1,94,1.00,94.00,"MID_RANGE","2018-10-05 22:30:13.000","2026-08-06T10:58:24","0f1c5d8732735878cbd802e096a9e75e","2018-10-05 22:30:13.000","2018-10-05 22:30:13.000","9999-12-31 00:00:00.000"
500217,10060,"LOFT","Entire home/apt","lille","france",3,1,1,60,0.33,20.00,"BUDGET","2023-02-01 11:12:05.000","2026-08-06T10:58:24","e4cb81f8aa206204cde8426ae064e5e2","2023-02-01 11:12:05.000","2023-02-01 11:12:05.000","9999-12-31 00:00:00.000"
500218,10039,"APARTMENT","Entire home/apt","toulouse","france",3,2,1,70,0.67,23.33,"BUDGET","2021-09-08 10:28:17.000","2026-08-06T10:58:24","abec4c316358b584a2113b52ad37906c","2021-09-08 10:28:17.000","2021-09-08 10:28:17.000","9999-12-31 00:00:00.000"
500219,10045,"HOUSE","Entire home/apt","nice","france",8,4,3,235,0.50,29.38,"LUXURY","2020-11-09 09:05:34.000","2026-08-06T10:58:24","91f953d88c140fe505a44f77323a8416","2020-11-09 09:05:34.000","2020-11-09 09:05:34.000","9999-12-31 00:00:00.000"
500220,10068,"APARTMENT","Shared room","montpellier","france",3,1,1,25,0.33,8.33,"BUDGET","2022-10-03 05:12:54.000","2026-08-06T10:58:24","4b595f204fbb31a5f2fc1d02543b6056","2022-10-03 05:12:54.000","2022-10-03 05:12:54.000","9999-12-31 00:00:00.000"
500221,10048,"LOFT","Entire home/apt","marseille","france",5,3,3,95,0.60,19.00,"MID_RANGE","2021-12-14 23:21:16.000","2026-08-06T10:58:24","37c0b279d674ecd765fe4000f6630016","2021-12-14 23:21:16.000","2021-12-14 23:21:16.000","9999-12-31 00:00:00.000"
500222,10017,"APARTMENT","Entire home/apt","paris","france",5,2,2,166,0.40,33.20,"MID_RANGE","2022-08-17 17:35:13.000","2026-08-06T10:58:24","e9a443c8ca3362a5bc7c7218717a18a1","2022-08-17 17:35:13.000","2022-08-17 17:35:13.000","9999-12-31 00:00:00.000"
500223,10018,"HOUSE","Entire home/apt","nantes","france",7,3,3,120,0.43,17.14,"MID_RANGE","2021-09-11 11:27:54.000","2026-08-06T10:58:24","460f4218c943006541ea607e29315cc4","2021-09-11 11:27:54.000","2021-09-11 11:27:54.000","9999-12-31 00:00:00.000"
500224,10027,"APARTMENT","Private room","marseille","france",1,1,1,45,1.00,45.00,"BUDGET","2019-10-30 20:43:47.000","2026-08-06T10:58:24","f2b7076ad3724f25a94398e7b27ce4a5","2019-10-30 20:43:47.000","2019-10-30 20:43:47.000","9999-12-31 00:00:00.000"
500225,10042,"LOFT","Shared room","paris","france",5,2,1,57,0.40,11.40,"BUDGET","2024-09-27 03:58:34.000","2026-08-06T10:58:24","0987b9885047365a1d952449f7157a78","2024-09-27 03:58:34.000","2024-09-27 03:58:34.000","9999-12-31 00:00:00.000"
500226,10058,"HOUSE","Entire home/apt","bordeaux","france",4,2,1,93,0.50,23.25,"MID_RANGE","2021-08-19 22:48:06.000","2026-08-06T10:58:24","6567212624e0d22e0450712d86e02a0f","2021-08-19 22:48:06.000","2021-08-19 22:48:06.000","9999-12-31 00:00:00.000"
500227,10052,"HOUSE","Entire home/apt","lyon","france",8,4,2,195,0.50,24.38,"MID_RANGE","2022-06-11 07:08:11.000","2026-08-06T10:58:24","142461c7e37ce06755d2db1449fc5758","2022-06-11 07:08:11.000","2022-06-11 07:08:11.000","9999-12-31 00:00:00.000"
500228,10017,"STUDIO","Private room","paris","france",1,0,1,74,0.00,74.00,"BUDGET","2022-04-25 16:30:37.000","2026-08-06T10:58:24","52a7db9c1785ce3338f783137c30776e","2022-04-25 16:30:37.000","2022-04-25 16:30:37.000","9999-12-31 00:00:00.000"
500229,10056,"APARTMENT","Entire home/apt","nantes","france",6,3,2,111,0.50,18.50,"MID_RANGE","2023-06-30 00:48:18.000","2026-08-06T10:58:24","712dcfb2dfc0dbc0abfbec2a9986a98c","2023-06-30 00:48:18.000","2023-06-30 00:48:18.000","9999-12-31 00:00:00.000"
500230,10020,"HOUSE","Entire home/apt","paris","france",9,4,3,299,0.44,33.22,"LUXURY","2021-02-07 21:28:45.000","2026-08-06T10:58:24","0c4d5a393eb06aa786adbc27a304943c","2021-02-07 21:28:45.000","2021-02-07 21:28:45.000","9999-12-31 00:00:00.000"
500231,10050,"APARTMENT","Private room","paris","france",5,3,2,116,0.60,23.20,"MID_RANGE","2023-01-07 01:47:27.000","2026-08-06T10:58:24","b72f580c9d991353ea69c81d645cd091","2023-01-07 01:47:27.000","2023-01-07 01:47:27.000","9999-12-31 00:00:00.000"
500232,10070,"APARTMENT","Entire home/apt","nantes","france",4,2,2,81,0.50,20.25,"MID_RANGE","2023-08-30 05:27:30.000","2026-08-06T10:58:24","5a9392346768e637bbcf793169316234","2023-08-30 05:27:30.000","2023-08-30 05:27:30.000","9999-12-31 00:00:00.000"
500233,10100,"STUDIO","Entire home/apt","paris","france",2,0,1,136,0.00,68.00,"MID_RANGE","2018-07-03 02:19:16.000","2026-08-06T10:58:24","547089d7668ac4d7e1293d663bb88830","2018-07-03 02:19:16.000","2018-07-03 02:19:16.000","9999-12-31 00:00:00.000"
500234,10035,"STUDIO","Private room","bordeaux","france",1,0,1,44,0.00,44.00,"BUDGET","2021-11-03 23:21:41.000","2026-08-06T10:58:24","571087667ef260acc5c0e7e0d5ce4171","2021-11-03 23:21:41.000","2021-11-03 23:21:41.000","9999-12-31 00:00:00.000"
500235,10041,"HOUSE","Private room","nantes","france",6,2,2,76,0.33,12.67,"MID_RANGE","2018-11-19 12:46:59.000","2026-08-06T10:58:24","ecf1be1835922758f8daabdc7afc0a68","2018-11-19 12:46:59.000","2018-11-19 12:46:59.000","9999-12-31 00:00:00.000"
500236,10064,"APARTMENT","Entire home/apt","bordeaux","france",1,1,1,69,1.00,69.00,"BUDGET","2024-09-29 13:06:07.000","2026-08-06T10:58:24","cbc7beaf42afe4437f7c606ce7274173","2024-09-29 13:06:07.000","2024-09-29 13:06:07.000","9999-12-31 00:00:00.000"
500237,10079,"APARTMENT","Private room","paris","france",3,2,1,65,0.67,21.67,"BUDGET","2024-03-22 15:43:22.000","2026-08-06T10:58:24","a8459d62f2837492f8ff71441ce46082","2024-03-22 15:43:22.000","2024-03-22 15:43:22.000","9999-12-31 00:00:00.000"
500238,10068,"CONDOMINIUM","Entire home/apt","lille","france",6,3,2,102,0.50,17.00,"MID_RANGE","2022-11-18 16:56:56.000","2026-08-06T10:58:24","129bbcdea7942c33f488077cf31ad5db","2022-11-18 16:56:56.000","2022-11-18 16:56:56.000","9999-12-31 00:00:00.000"
500239,10056,"CONDOMINIUM","Entire home/apt","nantes","france",3,1,1,72,0.33,24.00,"BUDGET","2024-01-21 21:55:09.000","2026-08-06T10:58:24","1a577c1b61b4331636e1788f47f94401","2024-01-21 21:55:09.000","2024-01-21 21:55:09.000","9999-12-31 00:00:00.000"
500240,10094,"APARTMENT","Private room","nice","france",7,3,3,118,0.43,16.86,"MID_RANGE","2025-04-22 08:46:49.000","2026-08-06T10:58:24","2e9ad0d8a749858952b10c9e88b13001","2025-04-22 08:46:49.000","2025-04-22 08:46:49.000","9999-12-31 00:00:00.000"
500241,10078,"STUDIO","Entire home/apt","lyon","france",1,0,1,68,0.00,68.00,"BUDGET","2023-02-14 01:49:03.000","2026-08-06T10:58:24","b8e77106fe5af388d736c5974b04fdfc","2023-02-14 01:49:03.000","2023-02-14 01:49:03.000","9999-12-31 00:00:00.000"
500242,10041,"STUDIO","Entire home/apt","paris","france",2,0,1,94,0.00,47.00,"MID_RANGE","2018-05-22 15:54:51.000","2026-08-06T10:58:24","f8187f78f87dad27b792c26845ae6b78","2018-05-22 15:54:51.000","2018-05-22 15:54:51.000","9999-12-31 00:00:00.000"
500243,10045,"APARTMENT","Entire home/apt","paris","france",4,2,2,185,0.50,46.25,"MID_RANGE","2020-06-01 15:55:45.000","2026-08-06T10:58:24","b35cd31d9e19b595dbda0f11845cf5ef","2020-06-01 15:55:45.000","2020-06-01 15:55:45.000","9999-12-31 00:00:00.000"
500244,10045,"APARTMENT","Entire home/apt","bordeaux","france",7,3,2,139,0.43,19.86,"MID_RANGE","2019-12-10 01:17:22.000","2026-08-06T10:58:24","fdea542999d2fd46a16650f1bd7c3d0a","2019-12-10 01:17:22.000","2019-12-10 01:17:22.000","9999-12-31 00:00:00.000"
500245,10041,"APARTMENT","Entire home/apt","paris","france",3,2,1,139,0.67,46.33,"MID_RANGE","2018-03-23 18:49:26.000","2026-08-06T10:58:24","7a0d80bbeb71eb252db89783e2ae64d6","2018-03-23 18:49:26.000","2018-03-23 18:49:26.000","9999-12-31 00:00:00.000"
500246,10062,"APARTMENT","Entire home/apt","nice","france",6,3,2,142,0.50,23.67,"MID_RANGE","2024-08-18 14:06:06.000","2026-08-06T10:58:24","54e7639e969b4987f4b57b3d690755c8","2024-08-18 14:06:06.000","2024-08-18 14:06:06.000","9999-12-31 00:00:00.000"
500247,10090,"VILLA","Entire home/apt","bordeaux","france",9,4,2,161,0.44,17.89,"MID_RANGE","2019-05-03 15:18:56.000","2026-08-06T10:58:24","2bb98fd4ee83b5f4e006e431237077ec","2019-05-03 15:18:56.000","2019-05-03 15:18:56.000","9999-12-31 00:00:00.000"
500248,10063,"APARTMENT","Entire home/apt","paris","france",5,2,2,158,0.40,31.60,"MID_RANGE","2023-07-13 15:25:57.000","2026-08-06T10:58:24","78c76deec774a057e1161768b7f949d4","2023-07-13 15:25:57.000","2023-07-13 15:25:57.000","9999-12-31 00:00:00.000"
500249,10038,"APARTMENT","Entire home/apt","montpellier","france",4,2,2,112,0.50,28.00,"MID_RANGE","2025-11-18 06:37:40.000","2026-08-06T10:58:24","ea7d5259c5448915c3c14f47083b83d1","2025-11-18 06:37:40.000","2025-11-18 06:37:40.000","9999-12-31 00:00:00.000"
500250,10050,"STUDIO","Entire home/apt","paris","france",2,0,1,105,0.00,52.50,"MID_RANGE","2022-07-28 11:39:50.000","2026-08-06T10:58:24","c00cae3651242bc397a3cca2ea7bbfb1","2022-07-28 11:39:50.000","2022-07-28 11:39:50.000","9999-12-31 00:00:00.000"
500251,10035,"APARTMENT","Private room","bordeaux","france",1,1,1,52,1.00,52.00,"BUDGET","2022-03-07 12:20:39.000","2026-08-06T10:58:24","8f52cf2cb733a482e0865e769f913a7d","2022-03-07 12:20:39.000","2022-03-07 12:20:39.000","9999-12-31 00:00:00.000"
500252,10008,"STUDIO","Entire home/apt","lille","france",2,0,1,62,0.00,31.00,"BUDGET","2023-03-24 19:40:11.000","2026-08-06T10:58:24","3a481e048dff03407c5c4f8bf111614d","2023-03-24 19:40:11.000","2023-03-24 19:40:11.000","9999-12-31 00:00:00.000"
500253,10092,"HOUSE","Entire home/apt","paris","france",6,3,3,174,0.50,29.00,"MID_RANGE","2024-02-14 01:18:31.000","2026-08-06T10:58:24","617f2ece3239fa36c3cbe63dcb0fbdf7","2024-02-14 01:18:31.000","2024-02-14 01:18:31.000","9999-12-31 00:00:00.000"
500254,10017,"APARTMENT","Private room","paris","france",3,1,1,85,0.33,28.33,"MID_RANGE","2022-08-10 21:29:47.000","2026-08-06T10:58:24","186bf6f21a2fd0e15a0d139a749c604f","2022-08-10 21:29:47.000","2022-08-10 21:29:47.000","9999-12-31 00:00:00.000"
500255,10009,"HOUSE","Entire home/apt","paris","france",10,4,3,327,0.40,32.70,"LUXURY","2024-01-12 19:24:12.000","2026-08-06T10:58:24","59b32245e6be31fe7bdb64961ca173ce","2024-01-12 19:24:12.000","2024-01-12 19:24:12.000","9999-12-31 00:00:00.000"
500256,10067,"APARTMENT","Entire home/apt","nantes","france",7,3,2,151,0.43,21.57,"MID_RANGE","2024-11-12 11:07:45.000","2026-08-06T10:58:24","106b777673ec474d85a09c9ec28309cb","2024-11-12 11:07:45.000","2024-11-12 11:07:45.000","9999-12-31 00:00:00.000"
500257,10069,"STUDIO","Entire home/apt","lille","france",2,0,1,52,0.00,26.00,"BUDGET","2025-06-03 12:15:20.000","2026-08-06T10:58:24","6f9f314d088d76505a91d43bebd47672","2025-06-03 12:15:20.000","2025-06-03 12:15:20.000","9999-12-31 00:00:00.000"
500258,10078,"APARTMENT","Entire home/apt","nice","france",5,2,1,127,0.40,25.40,"MID_RANGE","2022-09-29 08:31:04.000","2026-08-06T10:58:24","dc2eaafb2c927cade7bdee7926a2c41b","2022-09-29 08:31:04.000","2022-09-29 08:31:04.000","9999-12-31 00:00:00.000"
500259,10003,"STUDIO","Entire home/apt","lyon","france",2,0,1,93,0.00,46.50,"MID_RANGE","2025-08-27 13:11:42.000","2026-08-06T10:58:24","9568f8609f557bf174ad7708c153d983","2025-08-27 13:11:42.000","2025-08-27 13:11:42.000","9999-12-31 00:00:00.000"
500260,10057,"APARTMENT","Private room","nantes","france",7,3,2,63,0.43,9.00,"BUDGET","2021-07-13 23:53:23.000","2026-08-06T10:58:24","a3375c7aa7c8d6dfbfe909f9d76de2b4","2021-07-13 23:53:23.000","2021-07-13 23:53:23.000","9999-12-31 00:00:00.000"
500261,10098,"APARTMENT","Entire home/apt","marseille","france",1,1,1,79,1.00,79.00,"MID_RANGE","2020-01-08 17:07:26.000","2026-08-06T10:58:24","638f5c93624f6b91774de8491d104240","2020-01-08 17:07:26.000","2020-01-08 17:07:26.000","9999-12-31 00:00:00.000"
500262,10068,"APARTMENT","Entire home/apt","lille","france",1,1,1,52,1.00,52.00,"BUDGET","2022-07-02 00:31:22.000","2026-08-06T10:58:24","58ba5c35f029949ce8344389e87e1050","2022-07-02 00:31:22.000","2022-07-02 00:31:22.000","9999-12-31 00:00:00.000"
500263,10036,"APARTMENT","Entire home/apt","lyon","france",3,1,1,84,0.33,28.00,"MID_RANGE","2024-06-08 22:24:26.000","2026-08-06T10:58:24","d11c1d6b8306b37fc79584960b9ab141","2024-06-08 22:24:26.000","2024-06-08 22:24:26.000","9999-12-31 00:00:00.000"
500264,10061,"APARTMENT","Entire home/apt","bordeaux","france",5,2,1,119,0.40,23.80,"MID_RANGE","2020-01-24 15:50:46.000","2026-08-06T10:58:24","86c1189b9b8179521690433b760f1b61","2020-01-24 15:50:46.000","2020-01-24 15:50:46.000","9999-12-31 00:00:00.000"
500265,10074,"APARTMENT","Entire home/apt","nantes","france",3,1,1,73,0.33,24.33,"BUDGET","2023-11-04 15:47:02.000","2026-08-06T10:58:24","55e50d81ac7c4a0ed760fda709b2fa12","2023-11-04 15:47:02.000","2023-11-04 15:47:02.000","9999-12-31 00:00:00.000"
500266,10100,"HOUSE","Entire home/apt","montpellier","france",8,3,2,154,0.38,19.25,"MID_RANGE","2018-05-17 01:53:39.000","2026-08-06T10:58:24","dc71647e065cfaa416f52ead52450f38","2018-05-17 01:53:39.000","2018-05-17 01:53:39.000","9999-12-31 00:00:00.000"
500267,10040,"LOFT","Entire home/apt","toulouse","france",4,2,2,84,0.50,21.00,"MID_RANGE","2024-02-21 06:11:26.000","2026-08-06T10:58:24","b6d6580947f9b03ef413c9fb79b40c50","2024-02-21 06:11:26.000","2024-02-21 06:11:26.000","9999-12-31 00:00:00.000"
500268,10080,"APARTMENT","Entire home/apt","lyon","france",6,3,3,125,0.50,20.83,"MID_RANGE","2023-04-05 10:46:45.000","2026-08-06T10:58:24","dbd163803a542c7fd57d58e5146db804","2023-04-05 10:46:45.000","2023-04-05 10:46:45.000","9999-12-31 00:00:00.000"
500269,10036,"STUDIO","Entire home/apt","nice","france",2,0,1,86,0.00,43.00,"MID_RANGE","2024-10-27 10:53:18.000","2026-08-06T10:58:24","9ea0491409c2900be4e2f00955407ff2","2024-10-27 10:53:18.000","2024-10-27 10:53:18.000","9999-12-31 00:00:00.000"
500270,10077,"APARTMENT","Entire home/apt","lyon","france",3,1,1,111,0.33,37.00,"MID_RANGE","2025-11-09 03:17:55.000","2026-08-06T10:58:24","0106dcee9ea8e2dc65df810aefd0eb18","2025-11-09 03:17:55.000","2025-11-09 03:17:55.000","9999-12-31 00:00:00.000"
500271,10095,"LOFT","Entire home/apt","paris","france",2,1,1,124,0.50,62.00,"MID_RANGE","2019-04-28 06:03:25.000","2026-08-06T10:58:24","3d985d50d5db145c8205833d545c6555","2019-04-28 06:03:25.000","2019-04-28 06:03:25.000","9999-12-31 00:00:00.000"
500272,10046,"STUDIO","Private room","marseille","france",1,0,1,34,0.00,34.00,"BUDGET","2021-03-16 01:11:16.000","2026-08-06T10:58:24","99581c17c85129b1f445f6feda7d2c14","2021-03-16 01:11:16.000","2021-03-16 01:11:16.000","9999-12-31 00:00:00.000"
500273,10072,"APARTMENT","Entire home/apt","toulouse","france",5,2,1,94,0.40,18.80,"MID_RANGE","2022-04-22 19:58:07.000","2026-08-06T10:58:24","2260c60106259edd68ff45651de562e8","2022-04-22 19:58:07.000","2022-04-22 19:58:07.000","9999-12-31 00:00:00.000"
500274,10054,"APARTMENT","Entire home/apt","nantes","france",4,2,1,92,0.50,23.00,"MID_RANGE","2021-02-05 18:34:50.000","2026-08-06T10:58:24","c672db81287be90fafd776f9ac118642","2021-02-05 18:34:50.000","2021-02-05 18:34:50.000","9999-12-31 00:00:00.000"
500275,10010,"APARTMENT","Entire home/apt","marseille","france",6,3,3,122,0.50,20.33,"MID_RANGE","2018-11-28 14:37:38.000","2026-08-06T10:58:24","c18e618aeeb96daa7c21cd6724a49e52","2018-11-28 14:37:38.000","2018-11-28 14:37:38.000","9999-12-31 00:00:00.000"
500276,10053,"STUDIO","Hotel room","montpellier","france",1,0,1,69,0.00,69.00,"BUDGET","2023-12-20 15:15:39.000","2026-08-06T10:58:24","87980f9dd168fb5be395f6c8ed4f7f50","2023-12-20 15:15:39.000","2023-12-20 15:15:39.000","9999-12-31 00:00:00.000"
500277,10081,"APARTMENT","Entire home/apt","montpellier","france",4,2,1,107,0.50,26.75,"MID_RANGE","2023-10-24 03:09:27.000","2026-08-06T10:58:24","aec8fbae0452c43aee60243ae882a475","2023-10-24 03:09:27.000","2023-10-24 03:09:27.000","9999-12-31 00:00:00.000"
500278,10063,"LOFT","Entire home/apt","nantes","france",5,2,2,101,0.40,20.20,"MID_RANGE","2024-02-29 21:15:19.000","2026-08-06T10:58:24","06470c521cf5909b1a948af45536bb29","2024-02-29 21:15:19.000","2024-02-29 21:15:19.000","9999-12-31 00:00:00.000"
500279,10069,"APARTMENT","Entire home/apt","paris","france",5,2,1,145,0.40,29.00,"MID_RANGE","2025-01-15 20:51:56.000","2026-08-06T10:58:24","90488c2235400aa370516bdb10aba342","2025-01-15 20:51:56.000","2025-01-15 20:51:56.000","9999-12-31 00:00:00.000"
500280,10029,"APARTMENT","Entire home/apt","nice","france",5,2,2,134,0.40,26.80,"MID_RANGE","2022-05-03 23:36:56.000","2026-08-06T10:58:24","3340ef9fc4b7371938cf09261f8c674d","2022-05-03 23:36:56.000","2022-05-03 23:36:56.000","9999-12-31 00:00:00.000"
500281,10094,"APARTMENT","Entire home/apt","marseille","france",5,3,3,135,0.60,27.00,"MID_RANGE","2024-11-29 02:32:50.000","2026-08-06T10:58:24","860def81bfec856173b50d3315fe1599","2024-11-29 02:32:50.000","2024-11-29 02:32:50.000","9999-12-31 00:00:00.000"
500282,10022,"VILLA","Entire home/apt","montpellier","france",6,3,2,109,0.50,18.17,"MID_RANGE","2018-02-12 01:37:07.000","2026-08-06T10:58:24","7fcd7c5c7f9e5ce9eb6c8ad8f4e97c3a","2018-02-12 01:37:07.000","2018-02-12 01:37:07.000","9999-12-31 00:00:00.000"
500283,10016,"HOUSE","Entire home/apt","lyon","france",10,4,2,199,0.40,19.90,"MID_RANGE","2023-10-03 17:39:19.000","2026-08-06T10:58:24","61285749085bd671603a811b648c90c6","2023-10-03 17:39:19.000","2023-10-03 17:39:19.000","9999-12-31 00:00:00.000"
500284,10003,"APARTMENT","Entire home/apt","paris","france",3,1,1,135,0.33,45.00,"MID_RANGE","2025-07-20 15:36:38.000","2026-08-06T10:58:24","0de50866768b6cc28cb3bfd6aa61db89","2025-07-20 15:36:38.000","2025-07-20 15:36:38.000","9999-12-31 00:00:00.000"
500285,10081,"APARTMENT","Entire home/apt","paris","france",6,3,2,193,0.50,32.17,"MID_RANGE","2023-09-21 01:07:56.000","2026-08-06T10:58:24","9826e550fbe17759e4f58c7310d44c55","2023-09-21 01:07:56.000","2023-09-21 01:07:56.000","9999-12-31 00:00:00.000"
500286,10016,"STUDIO","Entire home/apt","paris","france",1,0,1,130,0.00,130.00,"MID_RANGE","2023-12-21 08:18:04.000","2026-08-06T10:58:24","500c28f6b0f8fbe4341875aa8adebf19","2023-12-21 08:18:04.000","2023-12-21 08:18:04.000","9999-12-31 00:00:00.000"
500287,10038,"APARTMENT","Private room","paris","france",6,3,3,98,0.50,16.33,"MID_RANGE","2025-07-13 01:02:04.000","2026-08-06T10:58:24","e789499876af6049d5634e5a43329d74","2025-07-13 01:02:04.000","2025-07-13 01:02:04.000","9999-12-31 00:00:00.000"
500288,10015,"HOUSE","Entire home/apt","lille","france",6,2,1,118,0.33,19.67,"MID_RANGE","2025-10-23 21:51:43.000","2026-08-06T10:58:24","55cf91853164951ac317681766729b53","2025-10-23 21:51:43.000","2025-10-23 21:51:43.000","9999-12-31 00:00:00.000"
500289,10059,"APARTMENT","Entire home/apt","montpellier","france",1,1,1,81,1.00,81.00,"MID_RANGE","2023-03-13 09:35:36.000","2026-08-06T10:58:24","c5da3b6c961bc6d14624cfd16b80c3ca","2023-03-13 09:35:36.000","2023-03-13 09:35:36.000","9999-12-31 00:00:00.000"
500290,10095,"STUDIO","Private room","paris","france",1,0,1,67,0.00,67.00,"BUDGET","2018-09-01 00:27:40.000","2026-08-06T10:58:24","f3aabb9809d7bca4da4f8cd47186bade","2018-09-01 00:27:40.000","2018-09-01 00:27:40.000","9999-12-31 00:00:00.000"
500291,10057,"APARTMENT","Private room","montpellier","france",4,2,1,46,0.50,11.50,"BUDGET","2021-10-18 00:23:45.000","2026-08-06T10:58:24","b1b76176ed2b3e50627f5d5fa8286d99","2021-10-18 00:23:45.000","2021-10-18 00:23:45.000","9999-12-31 00:00:00.000"
500292,10050,"APARTMENT","Entire home/apt","nice","france",1,1,1,107,1.00,107.00,"MID_RANGE","2022-01-01 08:31:23.000","2026-08-06T10:58:24","58287ac4fc18af54949de6a3eada47e4","2022-01-01 08:31:23.000","2022-01-01 08:31:23.000","9999-12-31 00:00:00.000"
500293,10076,"HOUSE","Entire home/apt","marseille","france",11,5,2,219,0.45,19.91,"LUXURY","2020-03-25 23:21:00.000","2026-08-06T10:58:24","92e8e0bd9db76891a267fcff5701b8c3","2020-03-25 23:21:00.000","2020-03-25 23:21:00.000","9999-12-31 00:00:00.000"
500294,10063,"APARTMENT","Entire home/apt","paris","france",5,2,2,145,0.40,29.00,"MID_RANGE","2024-06-12 02:05:04.000","2026-08-06T10:58:24","2753284b5230bc8980d15dbc7419a640","2024-06-12 02:05:04.000","2024-06-12 02:05:04.000","9999-12-31 00:00:00.000"
500295,10074,"APARTMENT","Shared room","toulouse","france",5,2,1,31,0.40,6.20,"BUDGET","2024-04-15 07:15:29.000","2026-08-06T10:58:24","054fbdd13ee18028c4a8a984f9a5d3d3","2024-04-15 07:15:29.000","2024-04-15 07:15:29.000","9999-12-31 00:00:00.000"
500296,10085,"APARTMENT","Private room","nice","france",7,3,2,85,0.43,12.14,"MID_RANGE","2026-02-10 16:06:50.000","2026-08-06T10:58:24","2b7a73e921d35036270ea105a38aada3","2026-02-10 16:06:50.000","2026-02-10 16:06:50.000","9999-12-31 00:00:00.000"
500297,10064,"APARTMENT","Entire home/apt","lille","france",2,1,1,52,0.50,26.00,"BUDGET","2024-05-23 06:25:33.000","2026-08-06T10:58:24","593f40803216be9e22e8621e9730cc9e","2024-05-23 06:25:33.000","2024-05-23 06:25:33.000","9999-12-31 00:00:00.000"
500298,10052,"APARTMENT","Entire home/apt","nantes","france",6,3,2,133,0.50,22.17,"MID_RANGE","2022-10-15 20:46:51.000","2026-08-06T10:58:24","45438b82af4fa31dc22df1032dc8a2d2","2022-10-15 20:46:51.000","2022-10-15 20:46:51.000","9999-12-31 00:00:00.000"
500299,10096,"APARTMENT","Entire home/apt","nice","france",7,3,2,213,0.43,30.43,"LUXURY","2025-11-27 03:21:28.000","2026-08-06T10:58:24","2b1606a2b700d58064e868740849b3c2","2025-11-27 03:21:28.000","2025-11-27 03:21:28.000","9999-12-31 00:00:00.000"
500300,10066,"HOUSE","Entire home/apt","bordeaux","france",9,4,2,213,0.44,23.67,"LUXURY","2025-03-24 10:58:08.000","2026-08-06T10:58:24","3dbf36e236847fb00753095085a19748","2025-03-24 10:58:08.000","2025-03-24 10:58:08.000","9999-12-31 00:00:00.000"
